name,date,qc.overallStatus
106_S73/B.1.1/2020-03-30,2020-03-30,mediocre
121842_S1/B.1.1/2020-09-02,2020-09-02,mediocre
122062_S2/B.1.1/2020-09-02,2020-09-02,good
122074_S3/B.1.1.194/2020-09-02,2020-09-02,good
122084_S4/B.1.1/2020-09-02,2020-09-02,good
122097_S5/B.1.1/2020-09-02,2020-09-02,good
122177_S6/B.1.1/2020-09-01,2020-09-01,good
122181_S7/B.1.1/2020-09-02,2020-09-02,good
122182_S8/B.1.1/2020-09-02,2020-09-02,mediocre
122226_S9/B.1.1/2020-09-02,2020-09-02,mediocre
122242_S10/B.1.221/2020-09-02,2020-09-02,good
122250_S11/B.1.1.135/2020-09-02,2020-09-02,good
122266_S12/B.1.1/2020-09-02,2020-09-02,good
122277_S13/B.1.1.54/2020-09-02,2020-09-02,good
122278_S14/B.1.1.54/2020-09-02,2020-09-02,good
122279_S15/B.1.1/2020-09-02,2020-09-02,good
122474_S16/B.1.1.54/2020-09-03,2020-09-03,good
122475_S17/B.1.1/2020-09-03,2020-09-03,good
122476_S18/B.1.1.51/2020-09-03,2020-09-03,good
122477_S19/B.1.1/2020-09-03,2020-09-03,good
122519_S20/B.1.1/2020-09-02,2020-09-02,good
122535_S21/B.1.1/2020-09-02,2020-09-02,good
122637_S22/B.1.1/2020-09-03,2020-09-03,good
122754_S23/B.1.1/2020-09-03,2020-09-03,mediocre
122760_S24/B.1.1.117/2020-09-03,2020-09-03,good
122809_S25/B.1.1/2020-09-03,2020-09-03,good
122861_S26/B.1.1/2020-09-04,2020-09-04,good
122892_S27/B.1.1/2020-09-04,2020-09-04,good
122894_S28/C.29/2020-09-04,2020-09-04,mediocre
122895_S29/B.1.1.117/2020-09-04,2020-09-04,mediocre
126263_S30/B.1.1.1/2020-09-10,2020-09-10,good
126269_S31/B.1.1/2020-09-10,2020-09-10,good
126287_S32/B.1.1.1/2020-09-10,2020-09-10,good
126313_S33/B.1.1.1/2020-09-10,2020-09-10,good
126317_S34/B.1.1/2020-09-10,2020-09-10,good
127162_S35/B.1.1.99/2020-09-10,2020-09-10,good
127163_S36/B.1.1.213/2020-09-11,2020-09-11,good
127172_S37/B.1/2020-09-11,2020-09-11,good
127173_S38/B.1.1/2020-09-11,2020-09-11,mediocre
127191_S39/B.1.1.231/2020-09-10,2020-09-10,good
127192_S40/C.4/2020-09-10,2020-09-10,good
127194_S41/B.1.1/2020-09-10,2020-09-10,good
127205_S42/B.1.1.1/2020-09-11,2020-09-11,good
127228_S43/B.1.1.1/2020-09-12,2020-09-12,good
127929_S44/B.1.1/2020-09-15,2020-09-15,good
128002_S45/B.1.1/2020-09-15,2020-09-15,good
128457_S46/B.1.1.194/2020-09-15,2020-09-15,good
128458_S47/B.1.1/2020-09-15,2020-09-15,good
129267_S48/B.1.1.1/2020-09-15,2020-09-15,good
129550_S49/B.1.1.137/2020-09-17,2020-09-17,good
129558_S50/B.1.1/2020-09-17,2020-09-17,good
129688_S51/C.4/2020-09-16,2020-09-16,good
129690_S52/B.1.1/2020-09-16,2020-09-16,good
129744_S53/B.1.1/2020-09-16,2020-09-16,good
129947_S54/B.1.1/2020-09-17,2020-09-17,mediocre
129949_S55/B.1.1.1/2020-09-17,2020-09-17,good
130032_S56/B.1.1/2020-09-17,2020-09-17,good
130034_S57/B.1.1/2020-09-17,2020-09-17,good
130439_S58/B.1.1/2020-09-18,2020-09-18,good
130534_S59/B.1.1/2020-09-17,2020-09-17,mediocre
131358_S60/B.1.1/2020-09-18,2020-09-18,mediocre
131362_S61/B.1.1/2020-09-19,2020-09-19,good
131367_S62/B.1.1/2020-09-21,2020-09-21,good
131373_S63/B.1.1/2020-09-21,2020-09-21,good
131411_S64/B.1.1/2020-09-21,2020-09-21,good
131453_S65/B.1.1/2020-09-21,2020-09-21,good
131748_S66/B.1.1.10/2020-09-22,2020-09-22,good
131823_S67/B.1.1/2020-09-22,2020-09-22,good
131901_S68/B.1.1/2020-09-22,2020-09-22,mediocre
136_S85/B.1.1/2020-04-01,2020-04-01,mediocre
137726_S69/B.1.1/2020-10-05,2020-10-05,mediocre
137747_S70/B.1.1.117/2020-10-01,2020-10-01,good
137749_S71/B.1.1/2020-10-04,2020-10-04,mediocre
137797_S72/B.1.1/2020-10-06,2020-10-06,good
137818_S73/B.1.1/2020-10-06,2020-10-06,good
137821_S74/B.1.1.10/2020-10-06,2020-10-06,good
137881_S75/B.1/2020-10-05,2020-10-05,good
137887_S76/B.1.1/2020-10-05,2020-10-05,good
137888_S77/B.1.1.134/2020-10-05,2020-10-05,mediocre
137929_S78/B.1.1/2020-10-05,2020-10-05,good
137940_S79/B.1.1/2020-10-06,2020-10-06,good
137943_S80/B.1.1/2020-10-06,2020-10-06,good
138005_S81/B.1.1/2020-10-06,2020-10-06,good
138009_S82/B.1.1.1/2020-10-06,2020-10-06,good
138078_S83/B.1.1.1/2020-10-06,2020-10-06,good
138084_S84/B.1.1.1/2020-10-06,2020-10-06,good
138102_S85/B.1.1/2020-10-06,2020-10-06,good
138117_S86/B.1.1/2020-10-06,2020-10-06,good
138121_S87/B.1.1.1/2020-10-06,2020-10-06,good
138152_S88/B.1.1/2020-10-06,2020-10-06,good
138159_S89/B.1.1/2020-10-06,2020-10-06,good
138173_S90/B.1.1.1/2020-10-06,2020-10-06,good
138224_S91/B.1.1.1/2020-10-07,2020-10-07,good
138225_S92/B.1.1.1/2020-10-07,2020-10-07,good
138241_S93/B.1.1.1/2020-10-07,2020-10-07,good
138245_S94/B.1.1.10/2020-10-07,2020-10-07,good
138367_S95/B.1.1/2020-10-07,2020-10-07,good
138426_S96/B.1.1/2020-10-07,2020-10-07,good
138458_S1/B.1.1.135/2020-10-07,2020-10-07,good
138541_S2/B.1.1/2020-10-07,2020-10-07,good
138551_S3/B.1.1.54/2020-10-05,2020-10-05,good
138571_S4/B.1.1/2020-10-06,2020-10-06,good
138580_S5/B.1.1/2020-10-07,2020-10-07,good
138593_S6/B.1.1/2020-10-07,2020-10-07,good
138718_S7/B.1.1/2020-10-07,2020-10-07,mediocre
138728_S8/B.1.1/2020-10-07,2020-10-07,good
138734_S9/B.1.1/2020-10-07,2020-10-07,good
138761_S10/B.1.1/2020-10-06,2020-10-06,good
138878_S11/B.1.1/2020-10-07,2020-10-07,good
138906_S12/B.1.1/2020-10-06,2020-10-06,good
139068_S13/B.1.1.28/2020-10-07,2020-10-07,good
139149_S14/B.1.1.1/2020-10-08,2020-10-08,good
139191_S15/B.1.1/2020-10-07,2020-10-07,good
139193_S16/B.1.1/2020-10-07,2020-10-07,good
139219_S17/B.1.1/2020-10-07,2020-10-07,good
139235_S18/B.1.1/2020-10-08,2020-10-08,good
139281_S19/B.1.1/2020-10-07,2020-10-07,good
139288_S20/B.1.1.1/2020-10-08,2020-10-08,good
139318_S21/B.1.1/2020-10-05,2020-10-05,good
139327_S22/B.1.1/2020-10-06,2020-10-06,good
139333_S23/B.1.1/2020-10-07,2020-10-07,good
139369_S24/B.1.1/2020-10-08,2020-10-08,mediocre
139375_S25/B.1.1.1/2020-10-08,2020-10-08,good
139419_S26/B.1.1/2020-10-08,2020-10-08,good
139470_S27/B.1.1.1/2020-10-08,2020-10-08,good
139472_S28/B.1.1.1/2020-10-08,2020-10-08,good
139519_S29/B.1.1.1/2020-10-08,2020-10-08,good
139532_S30/B.1.1/2020-10-07,2020-10-07,good
139559_S31/B.1.1/2020-10-08,2020-10-08,good
139674_S32/B.1.1.256/2020-10-12,2020-10-12,good
139719_S33/B.1.1/2020-10-09,2020-10-09,good
139747_S34/B.1.1/2020-10-12,2020-10-12,good
139820_S35/B.1.1.117/2020-10-08,2020-10-08,good
139843_S36/B.1.1/2020-10-07,2020-10-07,good
139855_S37/B.1.1.267/2020-10-08,2020-10-08,good
139895_S38/B.1.1/2020-10-12,2020-10-12,good
139939_S39/B.1.1/2020-10-12,2020-10-12,good
1416_S8/B.1.1.409/2020-03-19,2020-03-19,mediocre
141_S86/B.1.1/2020-04-01,2020-04-01,mediocre
1437_S11/B.1.1/2020-03-20,2020-03-20,mediocre
14_S7/B.1.1/2020-03-20,2020-03-20,mediocre
150023_S40/B.1.1/2020-10-30,2020-10-30,good
150028_S41/B.1.177.35/2020-10-28,2020-10-28,mediocre
150029_S42/B.1.177.35/2020-10-29,2020-10-29,mediocre
150031_S43/B.1.1/2020-10-29,2020-10-29,mediocre
150032_S44/B.1.1.117/2020-10-28,2020-10-28,good
150051_S46/B.1.1/2020-10-30,2020-10-30,good
150074_S47/B.1.1.121/2020-10-30,2020-10-30,good
150084_S49/B.1.1/2020-10-30,2020-10-30,good
150086_S50/B.1.1/2020-10-31,2020-10-31,good
150117_S51/B.1.1/2020-10-30,2020-10-30,good
150120_S52/B.1.1/2020-10-30,2020-10-30,good
150180_S53/B.1.1/2020-10-31,2020-10-31,good
150203_S54/B.1.1/2020-10-31,2020-10-31,good
150205_S55/B.1.1/2020-10-31,2020-10-31,good
150206_S56/B.1.1/2020-10-31,2020-10-31,good
150209_S57/B.1.1/2020-10-31,2020-10-31,good
150213_S58/B.1.1/2020-10-29,2020-10-29,good
150215_S59/B.1.1.203/2020-10-29,2020-10-29,good
150219_S60/B.1.1/2020-10-29,2020-10-29,good
150226_S61/B.1.1.203/2020-10-30,2020-10-30,good
150229_S62/B.1.1/2020-10-30,2020-10-30,good
150233_S63/B.1.1.194/2020-10-30,2020-10-30,good
150240H8_S64/B.1.1/2020-10-31,2020-10-31,good
150240_S27/B.1.1/2020-10-31,2020-10-31,good
150271_S65/B.1.1.1/2020-11-02,2020-11-02,good
150273_S66/B.1.1/2020-11-02,2020-11-02,good
150281_S67/B.1.1.441/2020-10-31,2020-10-31,good
150287_S68/B.1.1/2020-11-02,2020-11-02,good
150308_S30/B.1.1/2020-11-01,2020-11-01,good
150320_S69/B.1.1/2020-11-01,2020-11-01,good
150349_S70/B.1.1/2020-11-03,2020-11-03,mediocre
150390_S71/B.1.1/2020-11-04,2020-11-04,good
150409_S72/B.1.1.485/2020-11-04,2020-11-04,mediocre
150411_S73/B.1.1.411/2020-11-04,2020-11-04,good
150429_S74/B.1.1.51/2020-10-30,2020-10-30,good
150469_S75/B.1.1.207/2020-11-04,2020-11-04,good
150484_S76/B.1.1/2020-11-04,2020-11-04,mediocre
150486_S77/B.1.1/2020-11-04,2020-11-04,good
150615_S78/B.1.1.213/2020-11-01,2020-11-01,good
150661_S79/B.1.1/2020-11-02,2020-11-02,good
150671_S80/B.1.1/2020-11-03,2020-11-03,good
150728_S81/B.1.1/2020-11-04,2020-11-04,good
150768_S82/B.1.1/2020-11-04,2020-11-04,good
150867_S83/B.1.1.411/2020-11-04,2020-11-04,good
151178_S36/B.1.1/2020-11-04,2020-11-04,good
151319_S39/B.1.1/2020-11-04,2020-11-04,good
156183_S84/B.1.1/2020-11-13,2020-11-13,good
156199_S85/B.1.1.434/2020-11-12,2020-11-12,good
156268_S86/B.1.177/2020-11-16,2020-11-16,good
156320_S87/B.1.1.411/2020-11-12,2020-11-12,good
156327_S88/B.1.1.411/2020-11-12,2020-11-12,good
156354_S89/B.1.1/2020-11-13,2020-11-13,good
156493_S90/B.1.1/2020-11-14,2020-11-14,mediocre
156494_S91/B.1.1/2020-11-14,2020-11-14,good
156508_S93/B.1.1.12/2020-11-16,2020-11-16,good
156516_S94/B.1.1.411/2020-11-16,2020-11-16,good
156589_S95/B.1.1.411/2020-11-16,2020-11-16,good
156656_S96/B.1.1/2020-11-15,2020-11-15,good
156714_S4/B.1.1/2020-11-15,2020-11-15,good
156715_S5/B.1.1/2020-11-15,2020-11-15,good
156752_S6/B.1.1/2020-11-16,2020-11-16,mediocre
156758_S7/B.1.1/2020-11-16,2020-11-16,good
156813_S10/B.1.1/2020-11-16,2020-11-16,good
157783_S11/B.1.1/2020-11-18,2020-11-18,good
157841_S12/B.1.1/2020-11-16,2020-11-16,mediocre
157847_S13/B.1.1/2020-11-16,2020-11-16,good
157876_S14/B.1.1.1/2020-11-18,2020-11-18,good
157880_S15/B.1.1/2020-11-18,2020-11-18,good
157884_S16/B.1.1/2020-11-18,2020-11-18,mediocre
157887_S17/B.1.1/2020-11-18,2020-11-18,good
157893_S18/B.1.1/2020-11-18,2020-11-18,good
157894_S19/B.1.1/2020-11-18,2020-11-18,good
157895_S20/B.1.1/2020-11-18,2020-11-18,good
157896_S21/B.1.1/2020-11-18,2020-11-18,good
157920_S22/B.1.1/2020-11-16,2020-11-16,good
157940_S23/B.1.1/2020-11-17,2020-11-17,good
157941_S24/B.1.1.411/2020-11-16,2020-11-16,good
157942_S25/B.1.1/2020-11-16,2020-11-16,good
157954_S26/B.1.1.28/2020-11-18,2020-11-18,good
159_S2/B.1.1/2020-04-29,2020-04-29,mediocre
15_S8/B.1.1/2020-03-20,2020-03-20,mediocre
160561_S55/B.1.1/2020-11-23,2020-11-23,good
1667_S10/B.1.1/2020-03-20,2020-03-20,good
1676_S9/B.1.1.409/2020-03-21,2020-03-21,good
170923_S42/B.1.1.411/2020-12-16,2020-12-16,good
171306_S45/B.1.1.348/2020-12-17,2020-12-17,good
171369_S50/B.1.1.348/2020-12-18,2020-12-18,good
171370_S48/B.1.1.348/2020-12-18,2020-12-18,good
171415_S43/B.1.1/2020-12-18,2020-12-18,good
171423_S40/B.1.1.411/2020-12-17,2020-12-17,good
171439_S37/B.1.1.194/2020-12-16,2020-12-16,good
171441_S34/B.1.1.194/2020-12-17,2020-12-17,good
171448_S31/B.1.1/2020-12-17,2020-12-17,mediocre
171453_S28/B.1.1.194/2020-12-16,2020-12-16,good
171456_S56/B.1.1/2020-12-17,2020-12-17,mediocre
171466_S49/B.1.1/2020-12-17,2020-12-17,good
171470_S46/B.1.1/2020-12-17,2020-12-17,good
171496_S44/B.1.1/2020-12-17,2020-12-17,good
171497_S41/B.1.1/2020-12-16,2020-12-16,good
171503_S38/B.1.1/2020-12-16,2020-12-16,good
171521_S35/B.1.1/2020-12-17,2020-12-17,mediocre
171524_S32/B.1.1/2020-12-17,2020-12-17,mediocre
171534_S58/B.1.1/2020-12-17,2020-12-17,mediocre
171560_S59/B.1.1.135/2020-12-17,2020-12-17,good
171584_S57/B.1.1.411/2020-12-18,2020-12-18,good
171603_S54/B.1.1.194/2020-12-18,2020-12-18,good
171604_S51/B.1.1.194/2020-12-18,2020-12-18,good
173398_S17/B.1.1/2020-12-22,2020-12-22,good
173411_S18/B.1.1.348/2020-12-22,2020-12-22,good
173417_S19/B.1.1/2020-12-23,2020-12-23,good
173440_S21/B.1.1/2020-12-22,2020-12-22,good
173501_S22/B.1.1/2020-12-22,2020-12-22,mediocre
173524_S23/B.1.1.121/2020-12-22,2020-12-22,good
173525_S24/B.1.1/2020-12-22,2020-12-22,good
173538_S25/B.1.1.411/2020-12-21,2020-12-21,good
173539_S26/B.1.1.411/2020-12-21,2020-12-21,good
173617_S9/B.1.177/2020-12-23,2020-12-23,good
173643_S10/B.1.1.194/2020-12-23,2020-12-23,good
173656_S11/B.1.1.194/2020-12-23,2020-12-23,good
173668_S12/B.1.1/2020-12-23,2020-12-23,good
173675_S13/B.1.1/2020-12-23,2020-12-23,good
173676_S14/B.1.1.348/2020-12-23,2020-12-23,good
173687_S15/B.1.1/2020-12-23,2020-12-23,good
173688_S16/B.1.1/2020-12-23,2020-12-23,good
173689_S77/B.1.1/2020-12-23,2020-12-23,good
173720_S95/B.1.1/2020-12-23,2020-12-23,good
173753_S1/B.1.1/2020-12-23,2020-12-23,good
173760_S2/B.1.1/2020-12-23,2020-12-23,mediocre
173766_S3/B.1.1/2020-12-23,2020-12-23,good
173786_S4/B.1.1.1/2020-12-21,2020-12-21,good
173794_S5/B.1.1.1/2020-12-23,2020-12-23,good
173813_S6/B.1.177.74/2020-12-22,2020-12-22,good
173815_S7/B.1.177.74/2020-12-21,2020-12-21,good
173817_S86/B.1.1.1/2020-12-21,2020-12-21,good
173824_S87/B.1.177.74/2020-12-22,2020-12-22,good
173825_S88/B.1.177.74/2020-12-22,2020-12-22,mediocre
173841_S91/B.1.1.1/2020-12-21,2020-12-21,good
173844_S92/B.1.1.1/2020-12-21,2020-12-21,good
173852_S93/B.1.1.411/2020-12-21,2020-12-21,good
173860_S94/B.1.1/2020-12-21,2020-12-21,good
173863_S78/B.1.1/2020-12-21,2020-12-21,good
173865_S79/B.1.1/2020-12-21,2020-12-21,good
173866_S80/B.1.1/2020-12-21,2020-12-21,good
173867_S81/B.1.1/2020-12-21,2020-12-21,good
173889_S82/B.1.1.1/2020-12-22,2020-12-22,good
173895_S83/B.1.1/2020-12-22,2020-12-22,good
173905_S84/B.1.1/2020-12-22,2020-12-22,good
173916_S85/B.1.1.1/2020-12-21,2020-12-21,good
173928_S67/B.1.1.411/2020-12-23,2020-12-23,good
173929_S68/B.1.1.411/2020-12-23,2020-12-23,good
173930_S69/B.1.1.411/2020-12-23,2020-12-23,good
173960_S70/B.1.2/2020-12-24,2020-12-24,good
173991_S71/B.1.1.411/2020-12-22,2020-12-22,good
173994_S72/B.1.1/2020-12-23,2020-12-23,good
174046_S73/B.1.1.411/2020-12-24,2020-12-24,good
174047_S74/B.1.1.411/2020-12-24,2020-12-24,good
174059_S75/B.1.1/2020-12-23,2020-12-23,mediocre
174079_S76/B.1.1/2020-12-23,2020-12-23,mediocre
174088_S57/B.1.1.411/2020-12-24,2020-12-24,good
174091_S58/B.1.1/2020-12-24,2020-12-24,good
174093_S59/B.1.1.28/2020-12-23,2020-12-23,good
174097_S60/B.1.1/2020-12-22,2020-12-22,good
174104_S61/B.1.1/2020-12-23,2020-12-23,good
174105_S62/B.1.1/2020-12-23,2020-12-23,good
174106_S63/B.1.1/2020-12-23,2020-12-23,good
174107_S64/B.1.1/2020-12-23,2020-12-23,good
174108_S65/B.1.1/2020-12-23,2020-12-23,good
174112_S66/B.1.1/2020-12-23,2020-12-23,good
174118_S47/B.1.1/2020-12-22,2020-12-22,good
174119_S48/B.1.1.411/2020-12-22,2020-12-22,good
174120_S49/B.1.1/2020-12-22,2020-12-22,good
174125_S50/B.1.1/2020-12-23,2020-12-23,good
174138_S51/B.1.243/2020-12-22,2020-12-22,good
174150_S52/B.1.1/2020-12-23,2020-12-23,good
174152_S53/B.1.1/2020-12-23,2020-12-23,good
174174_S54/B.1.1.28/2020-12-23,2020-12-23,good
174177_S55/B.1.1/2020-12-23,2020-12-23,good
174180_S56/B.1.1.411/2020-12-23,2020-12-23,good
174182_S37/B.1.1/2020-12-23,2020-12-23,mediocre
174183_S38/B.1.177/2020-12-23,2020-12-23,good
174192G5_S39/B.1.1/2020-12-24,2020-12-24,good
174192_S29/B.1.1.28/2020-12-24,2020-12-24,good
174195_S42/B.1.1/2020-12-24,2020-12-24,good
174200_S43/B.1.1.28/2020-12-23,2020-12-23,good
174201_S44/B.1.1/2020-12-23,2020-12-23,good
174203_S45/B.1.1/2020-12-23,2020-12-23,good
174204_S46/B.1.1/2020-12-23,2020-12-23,good
174206_S27/B.1.1.28/2020-12-23,2020-12-23,good
174207_S28/B.1.1.28/2020-12-24,2020-12-24,good
174235_S41/B.1.1.411/2020-12-24,2020-12-24,good
174248_S30/B.1.1.411/2020-12-24,2020-12-24,good
174251_S31/B.1.1.348/2020-12-24,2020-12-24,good
174257_S32/B.1.1.348/2020-12-21,2020-12-21,good
174258_S33/B.1.1.348/2020-12-21,2020-12-21,good
174259_S34/B.1.1.348/2020-12-21,2020-12-21,good
174262_S35/B.1.1.348/2020-12-22,2020-12-22,good
174263_S36/B.1.1.348/2020-12-22,2020-12-22,good
175_S5/B.1.1/2020-05-07,2020-05-07,good
176_S6/B.1.1/2020-05-08,2020-05-08,good
177831_S68/B.1.1/2021-01-01,2021-01-01,good
177834_S69/B.1.1.411/2020-12-31,2020-12-31,good
178304_S71/B.1.1.1/2021-01-04,2021-01-04,good
179083_S62/B.1.1/2021-01-05,2021-01-05,good
179320_S63/B.1.1/2021-01-06,2021-01-06,good
180278_S66/B.1.1.348/2021-01-06,2021-01-06,good
180352_S70/B.1.1.117/2021-01-06,2021-01-06,good
184052_S64/B.1.1.348/2021-01-11,2021-01-11,good
187_S15/B.1.1/2020-05-08,2020-05-08,mediocre
189607_S61/B.1.1.1/2021-01-13,2021-01-13,good
194731_S65/B.1.1.411/2021-01-19,2021-01-19,good
197239_S52/B.1.1/2021-01-21,2021-01-21,good
198495_S67/B.1.1.411/2021-01-21,2021-01-21,good
1_S1/B.1.1/2020-03-18,2020-03-18,good
200_S22/B.1.1/2020-05-08,2020-05-08,mediocre
201715_S72/A.2.5/2021-01-22,2021-01-22,good
205_S25/B.1.1/2020-05-09,2020-05-09,good
206_S26/B.1.1/2020-05-07,2020-05-07,good
208_S28/B.1.1/2020-05-07,2020-05-07,good
209_S29/B.1.1/2020-05-09,2020-05-09,mediocre
210_S30/B.1.1/2020-05-09,2020-05-09,mediocre
213_S32/B.1.1/2020-05-15,2020-05-15,mediocre
214390_S76/B.1.1.54/2021-02-03,2021-02-03,mediocre
214392_S79/B.1.1.54/2021-02-03,2021-02-03,mediocre
214394_S81/B.1.1.348/2021-02-03,2021-02-03,good
214396_S83/B.1.1/2021-02-01,2021-02-01,good
214667_S86/B.1.1.1/2021-02-03,2021-02-03,good
214669_S89/B.1.1.1/2021-02-03,2021-02-03,good
214671_S91/B.1.1.1/2021-02-03,2021-02-03,good
214674_S93/B.1.1.1/2021-02-03,2021-02-03,good
214675_S95/B.1.1/2021-02-03,2021-02-03,mediocre
214680_S74/B.1.1/2021-02-03,2021-02-03,mediocre
214684_S77/B.1.1/2021-02-03,2021-02-03,mediocre
214705_S84/B.1.1.1/2021-02-03,2021-02-03,good
214707_S87/B.1.1.348/2021-02-03,2021-02-03,good
214717_S92/B.1.526/2021-02-02,2021-02-02,good
214720_S94/B.1.526/2021-02-03,2021-02-03,good
214721_S96/B.1.1.411/2021-02-01,2021-02-01,good
214724_S75/B.1/2021-02-03,2021-02-03,mediocre
214734_S78/B.1.1/2021-02-03,2021-02-03,mediocre
214735_S80/B.1.1/2021-02-02,2021-02-02,mediocre
214749_S82/B.1.1.411/2021-02-03,2021-02-03,good
214750_S85/B.1.1.411/2021-02-03,2021-02-03,good
214751_S88/B.1.1/2021-02-03,2021-02-03,mediocre
214754_S90/B.1.1/2021-02-03,2021-02-03,mediocre
214831_S73/B.1.1.348/2021-02-03,2021-02-03,good
214_S33/B.1.1/2020-05-17,2020-05-17,good
222_S35/B.1.1/2020-05-17,2020-05-17,good
22_S14/B.1.1/2020-03-20,2020-03-20,mediocre
232_S36/B.1.1/2020-05-20,2020-05-20,good
23358_S38/B.1.1/2020-04-23,2020-04-23,good
237_S37/B.1.1/2020-05-21,2020-05-21,good
238_S38/B.1.1.132/2020-05-20,2020-05-20,mediocre
241_S40/B.1.1/2020-05-22,2020-05-22,mediocre
2451_S13/B.1.1/2020-03-23,2020-03-23,good
2454_S1/B.1.1/2020-03-23,2020-03-23,good
2463_S2/B.1.1/2020-03-23,2020-03-23,good
2468_S3/B.1.1/2020-03-23,2020-03-23,good
2476_S4/B.1.1/2020-03-23,2020-03-23,good
2490_S5/B.1.1/2020-03-23,2020-03-23,good
2492_S6/B.1.1/2020-03-23,2020-03-23,good
2495_S7/B.1.1/2020-03-16,2020-03-16,good
2498_S8/B.1.1/2020-03-23,2020-03-23,good
2514_S9/B.1.1/2020-03-23,2020-03-23,good
2520_S10/B.1.1/2020-03-23,2020-03-23,good
257_S43/B.1.1/2020-05-31,2020-05-31,good
2639_S11/B.1.1.291/2020-03-25,2020-03-25,good
2640_S12/B.1.1/2020-03-25,2020-03-25,good
2641_S13/B.1.1/2020-03-25,2020-03-25,good
2650_S14/B.1.1/2020-03-25,2020-03-25,good
2651_S15/B.1.1/2020-03-25,2020-03-25,mediocre
2653_S16/B.1.1.409/2020-03-25,2020-03-25,mediocre
2656_S17/C.35/2020-03-23,2020-03-23,good
266_S44/B.1.1/2020-05-30,2020-05-30,mediocre
2670_S18/B.1.1/2020-03-23,2020-03-23,good
2673_S20/B.1.1/2020-03-23,2020-03-23,mediocre
2675_S21/B.1.1/2020-03-23,2020-03-23,good
2684_S22/B.1.1/2020-03-23,2020-03-23,mediocre
2688_S23/B.1.1/2020-03-23,2020-03-23,good
2692_S24/B.1.1/2020-03-23,2020-03-23,good
2694_S25/B.1.1/2020-03-23,2020-03-23,good
2696_S26/B.1.1/2020-03-23,2020-03-23,good
2700_S27/B.1.1/2020-03-23,2020-03-23,good
2704_S28/B.1.1/2020-03-23,2020-03-23,good
278_S46/C.35/2020-05-27,2020-05-27,good
27_S17/B.1.1/2020-03-20,2020-03-20,good
281_S48/B.1.1/2020-06-01,2020-06-01,mediocre
28826_S39/B.1.1/2020-04-30,2020-04-30,good
28827_S40/B.1.1/2020-04-30,2020-04-30,mediocre
28908_S45/B.1.1/2020-04-30,2020-04-30,mediocre
28920_S46/B.1.1/2020-04-29,2020-04-29,good
2908_S29/B.1.1.326/2020-03-23,2020-03-23,good
2911_S30/B.1.1/2020-03-24,2020-03-24,good
2912_S31/B.1.1/2020-03-24,2020-03-24,good
2913_S32/B.1.1/2020-03-24,2020-03-24,good
2914_S33/B.1.1.231/2020-03-24,2020-03-24,good
2918_S34/B.1.1/2020-03-24,2020-03-24,good
2922_S35/B.1.1/2020-03-24,2020-03-24,good
2926_S36/B.1.1/2020-03-26,2020-03-26,good
2930_S37/B.1.1/2020-03-24,2020-03-24,good
2931_S38/B.1.1/2020-03-25,2020-03-25,good
2935_S39/B.1.1/2020-03-23,2020-03-23,good
2940_S40/B.1.1/2020-03-25,2020-03-25,good
2943_S42/B.1.1/2020-03-24,2020-03-24,good
2944_S43/B.1.1/2020-03-24,2020-03-24,mediocre
2945_S44/B.1.1/2020-03-24,2020-03-24,good
2948_S45/B.1.1/2020-03-24,2020-03-24,good
2949_S46/B.1.1/2020-03-24,2020-03-24,good
2950_S47/C.35/2020-03-24,2020-03-24,good
2954_S48/B.1.1/2020-03-24,2020-03-24,good
2955_S49/B.1.1/2020-03-24,2020-03-24,good
29890_S20/B.1.1.409/2020-04-25,2020-04-25,mediocre
2995_S50/B.1.1/2020-03-24,2020-03-24,good
29_S19/B.1.1/2020-03-21,2020-03-21,mediocre
30045_S49/B.1.1/2020-04-28,2020-04-28,mediocre
3006_S51/B.1.1/2020-03-24,2020-03-24,good
3007_S52/B.1.1/2020-03-23,2020-03-23,good
3008_S53/B.1.1/2020-03-24,2020-03-24,good
300_S55/B.1.1/2020-06-02,2020-06-02,good
30129_S51/B.1.1/2020-05-01,2020-05-01,mediocre
3029_S54/B.1.1/2020-03-24,2020-03-24,good
3030_S55/B.1.1/2020-03-24,2020-03-24,good
3032_S56/B.1.1/2020-03-24,2020-03-24,good
3035_S57/B.1/2020-03-24,2020-03-24,good
3037_S58/B.1/2020-03-25,2020-03-25,good
3043_S59/B.1.1/2020-03-24,2020-03-24,good
3045_S60/B.1.1/2020-03-25,2020-03-25,mediocre
3048_S61/B.1.1/2020-03-24,2020-03-24,good
3049_S62/C.35/2020-03-24,2020-03-24,good
304_S56/B.1.1/2020-06-03,2020-06-03,mediocre
3050_S63/B.1.1/2020-03-24,2020-03-24,good
3053_S64/B.1.1/2020-03-24,2020-03-24,good
3054_S65/B.1.1/2020-03-24,2020-03-24,good
3056_S66/B.1.1/2020-03-24,2020-03-24,good
3066_S67/B.1.1/2020-03-25,2020-03-25,good
3067_S68/B.1.1/2020-03-25,2020-03-25,good
3070_S69/B.1.1/2020-03-25,2020-03-25,good
3127_S12/B.1.1/2020-03-25,2020-03-25,good
315_S57/B.1.1/2020-06-04,2020-06-04,mediocre
334_S70/B.1.1/2020-06-29,2020-06-29,mediocre
335_S71/B.1.1/2020-06-30,2020-06-30,mediocre
33_S22/B.1.1/2020-03-25,2020-03-25,mediocre
340_S74/B.1.1/2020-06-29,2020-06-29,good
341_S75/B.1.1/2020-06-29,2020-06-29,good
342_S76/B.1.1/2020-06-24,2020-06-24,mediocre
347_S79/B.1.1/2020-07-01,2020-07-01,mediocre
348_S80/B.1.1/2020-07-01,2020-07-01,mediocre
349_S81/B.1.1/2020-07-01,2020-07-01,mediocre
351_S82/B.1.1/2020-07-01,2020-07-01,good
355_S85/B.1.1/2020-07-01,2020-07-01,mediocre
358_S88/B.1.1/2020-07-02,2020-07-02,mediocre
359_S89/B.1.1/2020-07-01,2020-07-01,mediocre
36050_S56/B.1.1/2020-05-07,2020-05-07,good
36055_S57/B.1.1/2020-05-08,2020-05-08,good
36130_S60/B.1.1/2020-05-07,2020-05-07,mediocre
36161_S62/B.1.1/2020-05-08,2020-05-08,mediocre
36224_S66/B.1.1/2020-05-08,2020-05-08,mediocre
36226_S67/B.1.1/2020-05-08,2020-05-08,mediocre
36235_S69/B.1.1/2020-05-09,2020-05-09,good
36250_S70/B.1.1/2020-05-06,2020-05-06,good
36337_S71/B.1.1/2020-05-07,2020-05-07,good
36812_S73/B.1.1/2020-05-09,2020-05-09,good
36818_S74/B.1.1/2020-05-04,2020-05-04,mediocre
36864_S75/B.1.1/2020-05-07,2020-05-07,good
36923_S76/B.1.1/2020-05-09,2020-05-09,mediocre
369_S91/B.1.1/2020-07-02,2020-07-02,good
371_S1/B.1.1.409/2020-07-02,2020-07-02,mediocre
376_S6/B.1.1/2020-07-02,2020-07-02,good
377_S7/B.1.1.409/2020-07-02,2020-07-02,mediocre
381_S10/B.1.1/2020-07-01,2020-07-01,mediocre
3871_S14/B.1.1/2020-03-26,2020-03-26,good
406_S18/B.1.1/2020-07-31,2020-07-31,mediocre
408_S20/B.1.1/2020-07-31,2020-07-31,mediocre
409_S21/B.1.1/2020-07-30,2020-07-30,good
411_S22/B.1.1/2020-07-31,2020-07-31,mediocre
413_S24/B.1.1/2020-07-31,2020-07-31,good
418_S26/B.1.1/2020-07-31,2020-07-31,good
420_S28/B.1.1/2020-07-31,2020-07-31,good
428_S32/B.1.1/2020-07-31,2020-07-31,good
435_S34/B.1.1/2020-07-29,2020-07-29,mediocre
43_S27/B.1.1/2020-03-21,2020-03-21,mediocre
448_S38/B.1.1/2020-07-31,2020-07-31,good
449_S39/B.1.1/2020-07-31,2020-07-31,good
44_S28/B.1.1/2020-03-21,2020-03-21,mediocre
451_S40/B.1.1/2020-07-31,2020-07-31,good
452_S41/B.1.1.464/2020-07-31,2020-07-31,good
457_S44/B.1.1/2020-07-31,2020-07-31,good
459_S45/B.1.1/2020-07-31,2020-07-31,mediocre
463_S47/B.1.1.117/2020-07-31,2020-07-31,mediocre
465_S48/B.1.1.231/2020-07-30,2020-07-30,mediocre
46_S29/B.1.1/2020-03-21,2020-03-21,mediocre
47_S30/B.1.1/2020-03-21,2020-03-21,mediocre
49355_S79/B.1.1.409/2020-05-26,2020-05-26,mediocre
50_S33/B.1.1/2020-03-21,2020-03-21,mediocre
51908_S36/B.1.1.409/2020-05-26,2020-05-26,good
51_S34/B.1.1/2020-03-21,2020-03-21,mediocre
52201_S31/B.1.1/2020-05-31,2020-05-31,good
5771_S19/B.1.1.409/2020-04-06,2020-04-06,mediocre
6007_S70/B.1.1/2020-04-07,2020-04-07,good
6008_S71/B.1.1/2020-04-07,2020-04-07,good
6015_S72/B.1.1.409/2020-03-30,2020-03-30,mediocre
6018_S73/B.1.1/2020-03-31,2020-03-31,good
6021_S74/B.1.1/2020-03-31,2020-03-31,good
6024_S75/B.1.1/2020-03-31,2020-03-31,good
6029_S76/B.1.1/2020-03-31,2020-03-31,good
6030_S77/B.1.1/2020-03-31,2020-03-31,good
6034_S78/B.1.1/2020-03-31,2020-03-31,good
6037_S79/B.1.1/2020-03-31,2020-03-31,good
6038_S80/B.1.1/2020-03-31,2020-03-31,good
6045_S81/B.1.1/2020-03-31,2020-03-31,good
6059_S82/B.1.1/2020-03-31,2020-03-31,good
6061_S83/B.1.1/2020-03-31,2020-03-31,good
6062_S84/B.1.1/2020-03-31,2020-03-31,good
6063_S85/B.1.1/2020-03-31,2020-03-31,good
6072_S86/B.1.1/2020-03-31,2020-03-31,good
6074_S87/B.1.1/2020-03-31,2020-03-31,good
6091_S88/B.1.1/2020-03-31,2020-03-31,good
6093_S1/B.1.1/2020-03-31,2020-03-31,good
6095_S2/B.1.1/2020-03-31,2020-03-31,good
6155_S3/B.1.1/2020-03-31,2020-03-31,good
6158_S4/B.1.1/2020-04-07,2020-04-07,good
6161_S5/B.1.1/2020-03-31,2020-03-31,good
6167_S6/B.1.1/2020-03-28,2020-03-28,good
6170_S7/B.1.1/2020-03-31,2020-03-31,good
6171_S8/B.1.1/2020-03-29,2020-03-29,good
6172_S9/B.1.1.409/2020-03-28,2020-03-28,mediocre
6173_S10/B.1.1.409/2020-03-31,2020-03-31,mediocre
6176_S11/B.1.1/2020-03-31,2020-03-31,good
6181_S12/B.1.1/2020-04-08,2020-04-08,good
6182_S13/B.1.1/2020-04-08,2020-04-08,good
6184_S14/B.1.1/2020-04-08,2020-04-08,good
6188_S15/B.1.1/2020-04-08,2020-04-08,good
6189_S16/B.1.1/2020-04-08,2020-04-08,good
6190_S17/B.1.1/2020-04-08,2020-04-08,good
6200_S18/B.1.1/2020-04-08,2020-04-08,good
6208_S19/B.1.1/2020-03-31,2020-03-31,good
6212_S20/B.1.1/2020-03-31,2020-03-31,good
63909_S81/B.1.1/2020-06-22,2020-06-22,mediocre
63_S41/B.1.1/2020-03-21,2020-03-21,mediocre
6510_S24/B.1.1/2020-04-01,2020-04-01,good
6513_S18/B.1.1/2020-04-01,2020-04-01,good
65191_S86/B.1.1/2020-06-22,2020-06-22,good
65196_S87/B.1.1/2020-06-22,2020-06-22,good
65213_S1/B.1.1/2020-06-23,2020-06-23,good
65215_S2/B.1.1/2020-06-23,2020-06-23,good
65258_S5/B.1.1/2020-06-23,2020-06-23,good
65259_S6/B.1.1/2020-06-23,2020-06-23,good
65263_S7/B.1.1/2020-06-23,2020-06-23,good
65266_S8/B.1.1/2020-06-23,2020-06-23,good
65274_S9/B.1.1/2020-06-23,2020-06-23,good
65276_S10/B.1.1/2020-06-24,2020-06-24,good
6548_S25/B.1.1/2020-03-31,2020-03-31,good
6592_S15/B.1.1.409/2020-04-01,2020-04-01,mediocre
6662_S16/B.1.1/2020-04-01,2020-04-01,good
67492_S28/B.1.1/2020-06-23,2020-06-23,good
67764_S12/B.1.1/2020-06-25,2020-06-25,mediocre
68457_S16/B.1.1/2020-06-27,2020-06-27,good
68463_S17/B.1.1/2020-06-27,2020-06-27,good
68477_S20/B.1.1.231/2020-06-28,2020-06-28,good
68478_S21/B.1.1.134/2020-06-28,2020-06-28,mediocre
68494_S26/B.1.1/2020-06-27,2020-06-27,good
68511_S29/B.1.1/2020-06-25,2020-06-25,good
69037_S30/B.1.1/2020-06-29,2020-06-29,good
69537_S34/B.1.1/2020-07-26,2020-07-26,good
69538_S35/B.1.1/2020-06-26,2020-06-26,good
69730_S36/B.1.1/2020-06-28,2020-06-28,good
69731_S37/B.1.1/2020-06-28,2020-06-28,mediocre
69732_S38/B.1.1/2020-06-28,2020-06-28,good
69733_S39/B.1.1/2020-06-27,2020-06-27,good
69734_S40/B.1.1.10/2020-06-27,2020-06-27,good
70579_S42/B.1.1/2020-06-26,2020-06-26,mediocre
70585_S43/B.1.1/2020-06-26,2020-06-26,good
70596_S46/B.1.1.464/2020-06-26,2020-06-26,mediocre
71_S48/B.1.1/2020-03-24,2020-03-24,good
72563_S50/B.1.1/2020-07-01,2020-07-01,good
72594_S52/B.1.1.277/2020-07-01,2020-07-01,good
72621_S56/B.1.1/2020-07-01,2020-07-01,mediocre
72632_S58/C.35/2020-07-01,2020-07-01,good
72878_S60/C.35/2020-07-03,2020-07-03,mediocre
72912_S61/B.1.1/2020-07-03,2020-07-03,mediocre
72913_S62/B.1.1/2020-07-03,2020-07-03,good
72933_S64/B.1.1/2020-07-03,2020-07-03,mediocre
73300_S70/B.1.1.464/2020-07-01,2020-07-01,mediocre
73954_S73/B.1.1/2020-07-03,2020-07-03,mediocre
73966_S75/B.1.1.409/2020-07-03,2020-07-03,mediocre
73995_S77/B.1.1/2020-07-06,2020-07-06,good
73996_S78/B.1.1/2020-07-06,2020-07-06,good
77417_S79/C.35/2020-07-07,2020-07-07,good
77420_S80/B.1.1/2020-07-07,2020-07-07,good
77429_S82/C.35/2020-07-09,2020-07-09,good
77432_S83/C.35/2020-07-09,2020-07-09,good
80_S56/B.1.1.409/2020-03-23,2020-03-23,mediocre
8663_S27/B.1.1/2020-04-04,2020-04-04,good
8665_S28/B.1.1.409/2020-04-04,2020-04-04,mediocre
8667_S29/B.1.1/2020-04-04,2020-04-04,good
8671_S30/B.1.1/2020-04-05,2020-04-05,good
8672_S31/B.1.1/2020-04-05,2020-04-05,good
8689_S32/B.1.1/2020-04-04,2020-04-04,good
8710_S33/B.1.1/2020-04-05,2020-04-05,good
8727_S34/B.1.1/2020-04-05,2020-04-05,good
8729_S35/B.1.1/2020-04-05,2020-04-05,good
96_S68/B.1.1/2020-03-30,2020-03-30,mediocre
EPIISL1013779/B.1.1/2020-10-30,2020-10-30,good
EPIISL1014102/B.1.1.203/2020-10-30,2020-10-30,good
EPIISL1014238/B.1.1.231/2020-10-30,2020-10-30,good
EPIISL471267/B.1.67/2020-04-17,2020-04-17,good
EPIISL471268/B.1.1/2020-04-17,2020-04-17,good
EPIISL471269/B.1.1/2020-06-04,2020-06-04,good
EPIISL471270/B.1.1/2020-05-19,2020-05-19,good
EPIISL471271/B.1.1/2020-05-19,2020-05-19,good
EPIISL477014/B.1.67/2020-03-30,2020-03-30,good
EPIISL477015/B.1.371/2020-06-17,2020-06-17,good
EPIISL477016/B.1/2020-06-17,2020-06-17,good
EPIISL481244/B.1/2020-04-17,2020-04-17,good
EPIISL481245/B.1.67/2020-04-17,2020-04-17,good
EPIISL481246/B.1.1/2020-04-17,2020-04-17,good
EPIISL481247/B.1.1/2020-04-17,2020-04-17,good
EPIISL481248/B.1.1/2020-04-17,2020-04-17,good
EPIISL486842/B.1.1/2020-07-01,2020-07-01,good
EPIISL486843/B.1.1/2020-07-01,2020-07-01,good
EPIISL486844/B.1.1/2020-07-01,2020-07-01,good
EPIISL486845/B.1.67/2020-06-30,2020-06-30,good
EPIISL486846/B.1.1/2020-06-30,2020-06-30,good
EPIISL486847/B.1.67/2020-06-30,2020-06-30,good
EPIISL486848/B.1/2020-06-30,2020-06-30,good
EPIISL486849/B.1.1/2020-06-30,2020-06-30,good
EPIISL486850/B.1.1/2020-06-30,2020-06-30,good
EPIISL486851/B.1.1/2020-06-30,2020-06-30,good
EPIISL491932/B.1.1/2020-07-03,2020-07-03,good
EPIISL491933/B.1/2020-04-07,2020-04-07,good
EPIISL491934/B.1.1.10/2020-04-07,2020-04-07,good
EPIISL491935/B.1.1.1/2020-04-13,2020-04-13,good
EPIISL491936/B.1/2020-06-30,2020-06-30,good
EPIISL491937/B.1.1/2020-06-30,2020-06-30,good
EPIISL491938/B.1/2020-06-30,2020-06-30,good
EPIISL491939/B.1/2020-07-03,2020-07-03,good
EPIISL491940/B.1/2020-07-03,2020-07-03,good
EPIISL491941/B.1.225/2020-05-02,2020-05-02,good
EPIISL491944/B.1.1/2020-04-25,2020-04-25,good
EPIISL491945/B.1.1/2020-04-22,2020-04-22,good
EPIISL491946/B.1.1/2020-05-28,2020-05-28,good
EPIISL491947/B.1.1/2020-05-08,2020-05-08,good
EPIISL491949/B.1.1/2020-05-26,2020-05-26,good
EPIISL491950/B.1.1/2020-05-08,2020-05-08,good
EPIISL491951/B.1.1/2020-06-01,2020-06-01,good
EPIISL491952/B.1.1/2020-05-29,2020-05-29,good
EPIISL491953/B.1.1/2020-05-08,2020-05-08,good
EPIISL491954/B.1.1/2020-05-28,2020-05-28,good
EPIISL516648/B.1.308/2020-07-14,2020-07-14,good
EPIISL516649/B.1.223/2020-07-14,2020-07-14,good
EPIISL516650/A.1/2020-07-22,2020-07-22,good
EPIISL516651/B.1.223/2020-07-25,2020-07-25,good
EPIISL516652/B.1.223/2020-07-29,2020-07-29,good
EPIISL525430/B.1.9/2020-05-20,2020-05-20,good
EPIISL525431/B.1/2020-08-12,2020-08-12,good
EPIISL525432/B.1/2020-08-12,2020-08-12,good
EPIISL525433/B.1/2020-08-13,2020-08-13,good
EPIISL525434/B.1.1.1/2020-08-13,2020-08-13,good
EPIISL525435/B.1/2020-08-14,2020-08-14,good
EPIISL525436/B.1.223/2020-08-12,2020-08-12,good
EPIISL525437/B.1/2020-08-12,2020-08-12,good
EPIISL525438/B.1.223/2020-08-14,2020-08-14,good
EPIISL527809/B.1.1/2020-08-04,2020-08-04,good
EPIISL527810/B.1.1.1/2020-08-04,2020-08-04,good
EPIISL527811/B.1.1.1/2020-08-04,2020-08-04,good
EPIISL527812/B.1/2020-08-20,2020-08-20,good
EPIISL527813/B.1.223/2020-08-20,2020-08-20,good
EPIISL527814/B.1/2020-08-20,2020-08-20,good
EPIISL527815/B.1.1/2020-08-20,2020-08-20,good
EPIISL527816/B.1.1/2020-08-20,2020-08-20,good
EPIISL527817/B.1/2020-08-20,2020-08-20,good
EPIISL527818/B.1.1/2020-08-14,2020-08-14,good
EPIISL527819/B.1.1/2020-04-07,2020-04-07,good
EPIISL539783/B.1.1/2020-06-15,2020-06-15,good
EPIISL539784/B.1/2020-08-19,2020-08-19,good
EPIISL539785/B.1.1.1/2020-08-04,2020-08-04,good
EPIISL539786/B.1/2020-08-05,2020-08-05,good
EPIISL539787/B.1/2020-08-05,2020-08-05,good
EPIISL539788/B.1.223/2020-08-05,2020-08-05,good
EPIISL539789/B.1.1.1/2020-08-15,2020-08-15,good
EPIISL539790/B.1/2020-08-15,2020-08-15,good
EPIISL539791/B.1/2020-08-15,2020-08-15,good
EPIISL539792/B.1/2020-08-15,2020-08-15,good
EPIISL539793/B.1.1/2020-08-15,2020-08-15,good
EPIISL574431/B.1.1/2020-09-14,2020-09-14,good
EPIISL594118/B.1.1/2020-08-14,2020-08-14,good
EPIISL660069/B.1.1.203/2020-07-20,2020-07-20,good
EPIISL660070/B.1.1/2020-10-26,2020-10-26,good
EPIISL660529/B.1.1/2020-10-01,2020-10-01,good
EPIISL660530/B.1.1.10/2020-10-01,2020-10-01,good
EPIISL660531/B.1/2020-10-01,2020-10-01,good
EPIISL660532/B.1/2020-10-02,2020-10-02,good
EPIISL660533/B.1/2020-10-05,2020-10-05,good
EPIISL660534/B.1/2020-10-05,2020-10-05,good
EPIISL660535/B.1/2020-10-10,2020-10-10,good
EPIISL660536/B.1/2020-10-10,2020-10-10,good
EPIISL660537/B.1.1.1/2020-10-10,2020-10-10,good
EPIISL660538/B.1/2020-10-10,2020-10-10,good
EPIISL660539/B.1.1/2020-10-02,2020-10-02,good
EPIISL681702/B.1/2020-03-23,2020-03-23,mediocre
EPIISL681703/B.1.1.231/2020-04-30,2020-04-30,good
EPIISL697783/B.1.1/2020-07-22,2020-07-22,good
EPIISL697784/B.1.1.1/2020-08-12,2020-08-12,good
EPIISL697785/B.1.1/2020-08-12,2020-08-12,good
EPIISL697786/B.1.1.1/2020-08-12,2020-08-12,good
EPIISL697788/B.1.1/2020-08-19,2020-08-19,good
EPIISL697789/B.1.6/2020-09-02,2020-09-02,good
EPIISL697790/B.1.1/2020-09-07,2020-09-07,good
EPIISL697792/B.1.1/2020-09-02,2020-09-02,good
EPIISL697793/B.1.1/2020-09-07,2020-09-07,good
EPIISL697794/B.1.1.1/2020-09-29,2020-09-29,good
EPIISL697795/B.1.1/2020-09-29,2020-09-29,good
EPIISL697796/B.1.1/2020-05-26,2020-05-26,good
EPIISL697798/B.1/2020-11-30,2020-11-30,good
EPIISL697799/B.1/2020-11-30,2020-11-30,good
EPIISL697800/B.1/2020-11-30,2020-11-30,good
EPIISL728204/A.2.5/2020-12-01,2020-12-01,good
EPIISL803098/B.1.1.7/2021-01-06,2021-01-06,good
EPIISL806544/B.1.1.7/2021-01-05,2021-01-05,good
EPIISL824284/B.1.1/2020-12-15,2020-12-15,good
EPIISL824285/B.1.1.348/2020-12-15,2020-12-15,good
EPIISL824286/B.1/2020-12-28,2020-12-28,good
EPIISL824287/B.1.1/2020-12-28,2020-12-28,good
EPIISL824288/B.1.1.348/2020-12-28,2020-12-28,good
EPIISL824289/B.1.1.348/2020-12-28,2020-12-28,good
EPIISL824290/B.1.1.348/2020-12-29,2020-12-29,good
EPIISL824291/B.1.1/2020-12-30,2020-12-30,good
EPIISL824292/B.1.1/2021-01-05,2021-01-05,good
EPIISL824293/B.1.1.7/2021-01-06,2021-01-06,good
EPIISL824294/B.1.1.7/2021-01-06,2021-01-06,good
EPIISL826798/B.1.1/2020-03-21,2020-03-21,good
EPIISL826800/B.1.1/2020-03-21,2020-03-21,good
EPIISL826802/B.1.1/2020-03-23,2020-03-23,good
EPIISL826804/B.1.1/2020-03-23,2020-03-23,good
EPIISL826805/B.1.1.326/2020-03-23,2020-03-23,good
EPIISL826807/B.1.1/2020-03-30,2020-03-30,good
EPIISL826809/B.1.1/2020-03-30,2020-03-30,good
EPIISL826811/B.1.1/2020-03-30,2020-03-30,good
EPIISL826812/B.1.1/2020-03-30,2020-03-30,good
EPIISL826814/B.1.1/2020-03-30,2020-03-30,good
EPIISL826816/B.1.1/2020-03-30,2020-03-30,good
EPIISL826818/B.1.1/2020-03-30,2020-03-30,good
EPIISL826820/B.1.1/2020-05-24,2020-05-24,good
EPIISL826822/B.1.1/2020-05-25,2020-05-25,good
EPIISL826823/B.1.1/2020-06-25,2020-06-25,good
EPIISL826825/B.1.1/2020-07-28,2020-07-28,good
EPIISL826827/B.1.1/2020-08-27,2020-08-27,good
EPIISL826829/B.1.1/2020-09-07,2020-09-07,good
EPIISL826830/B.1.1/2020-09-07,2020-09-07,good
EPIISL826832/B.1.1.231/2020-09-08,2020-09-08,good
EPIISL826834/B.1.1/2020-09-11,2020-09-11,good
EPIISL826836/B.1.1/2020-09-11,2020-09-11,good
EPIISL877551/B.1.1/2021-01-14,2021-01-14,good
EPIISL877552/B.1.1/2021-01-15,2021-01-15,good
EPIISL877553/B.1.1/2021-01-15,2021-01-15,good
EPIISL877554/B.1.1/2021-01-15,2021-01-15,good
EPIISL877555/B.1.1.1/2021-01-15,2021-01-15,good
EPIISL877556/B.1.1.1/2021-01-15,2021-01-15,good
EPIISL877557/B.1.1.1/2021-01-15,2021-01-15,good
EPIISL877558/B.1.1.1/2021-01-15,2021-01-15,good
EPIISL877559/B.1.1.1/2021-01-15,2021-01-15,good
EPIISL877560/B.1.1.1/2021-01-15,2021-01-15,good
EPIISL877561/B.1.1.7/2021-01-21,2021-01-21,good
EPIISL877562/B.1.1.7/2021-01-22,2021-01-22,good
EPIISL940769/B.1/2020-12-31,2020-12-31,good
EPIISL940773/B.1.1.411/2021-01-02,2021-01-02,good
EPIISL940775/B.1/2020-12-30,2020-12-30,good
EPIISL940777/B.1.1.411/2021-01-04,2021-01-04,good
EPIISL940781/B.1.1.411/2021-01-04,2021-01-04,good
EPIISL940821/B.1.1.411/2021-01-04,2021-01-04,good
EPIISL1381300/B.1.1.7/2021-03-20,2021-03-20,good
EPIISL1381301/B.1.1.7/2021-03-18,2021-03-18,good
EPIISL1381302/B.1.1.7/2021-03-22,2021-03-22,good
EPIISL1381303/B.1.1.7/2021-03-08,2021-03-08,good
EPIISL1381304/B.1.526/2021-03-08,2021-03-08,good
EPIISL1381305/B.1.526/2021-03-20,2021-03-20,good
EPIISL1443641/B.1.1/2020-09-01,2020-09-01,good
EPIISL1443642/B.1.1.348/2020-09-06,2020-09-06,good
EPIISL1443643/B.1.1.348/2020-09-06,2020-09-06,good
EPIISL1443644/B.1.1/2020-09-06,2020-09-06,good
EPIISL1443645/B.1.1/2020-09-06,2020-09-06,good
EPIISL1443646/B.1.1/2020-10-14,2020-10-14,good
EPIISL1443647/B.1.1/2020-10-14,2020-10-14,good
EPIISL1443648/B.1.1/2020-10-14,2020-10-14,good
EPIISL1443649/B.1.1/2020-10-14,2020-10-14,good
EPIISL1443650/B.1.1.388/2020-10-26,2020-10-26,good
EPIISL1443651/B.1.1/2020-10-29,2020-10-29,good
EPIISL1443652/B.1.1/2020-11-11,2020-11-11,good
EPIISL1443653/B.1.1/2020-12-09,2020-12-09,good
EPIISL1443654/B.1.1/2020-12-09,2020-12-09,good
EPIISL1443655/B.1.1.348/2020-12-08,2020-12-08,good
EPIISL1443656/B.1.1.231/2020-12-10,2020-12-10,good
EPIISL1443657/B.1.1.231/2020-12-10,2020-12-10,good
EPIISL1443658/B.1.1.464/2020-12-10,2020-12-10,good
EPIISL1443659/B.1.1.348/2020-12-10,2020-12-10,good
EPIISL1443660/B.1.1/2020-12-10,2020-12-10,good
EPIISL1443661/B.1.1.348/2020-12-10,2020-12-10,good
EPIISL1443662/B.1.1/2020-12-21,2020-12-21,good
EPIISL1443663/B.1.1/2021-01-04,2021-01-04,good
EPIISL1443664/B.1.1.348/2021-01-04,2021-01-04,good
EPIISL1443665/B.1.1.348/2021-01-04,2021-01-04,good
EPIISL1443666/B.1.1/2021-03-02,2021-03-02,good
EPIISL1443667/B.1.1.411/2021-03-04,2021-03-04,good
EPIISL1443668/B.1.1/2021-03-05,2021-03-05,good
EPIISL1443669/B.1.1/2021-03-08,2021-03-08,good
EPIISL1443670/B.1.1.348/2021-03-08,2021-03-08,good
EPIISL1443671/B.1.1.348/2021-03-09,2021-03-09,good
EPIISL1443672/B.1.1.348/2021-03-09,2021-03-09,good
EPIISL1443673/B.1.1/2021-03-09,2021-03-09,good
EPIISL1443674/B.1.1.348/2021-03-11,2021-03-11,good
EPIISL1443676/B.1.526/2021-03-17,2021-03-17,good
EPIISL1443677/B.1.1.348/2021-03-18,2021-03-18,good
EPIISL1443678/B.1.1.411/2021-03-20,2021-03-20,good
EPIISL1443679/B.1.1.411/2021-03-20,2021-03-20,good
EPIISL1443680/B.1.526/2021-03-20,2021-03-20,good
EPIISL1443681/B.1.526/2021-01-04,2021-01-04,good
EPIISL1443682/B.1.526/2021-01-04,2021-01-04,good
EPIISL1540707/P.1/2021-04-06,2021-04-06,good
EPIISL1656146/P.1/2021-04-06,2021-04-06,good
EPIISL1656147/P.1/2021-04-01,2021-04-01,good
EPIISL1738807/P.1/2021-04-16,2021-04-16,good
EPIISL1739244/P.1/2021-04-20,2021-04-20,good
EPIISL1805652/B.1.1/2021-04-05,2021-04-05,good
EPIISL1805653/B.1.1/2021-04-05,2021-04-05,good
EPIISL1805654/None/2021-04-01,2021-04-01,good
EPIISL1805655/None/2021-04-01,2021-04-01,good
EPIISL1805656/B.1.1/2021-04-02,2021-04-02,good
EPIISL1805657/None/2021-04-06,2021-04-06,good
EPIISL1805658/None/2021-04-06,2021-04-06,good
EPIISL1805659/None/2021-04-06,2021-04-06,good
EPIISL1805660/None/2021-04-06,2021-04-06,good
EPIISL1896694/A.2.5.3/2021-04-14,2021-04-14,good
EPIISL1968646/B.1.526/2021-04-12,2021-04-12,good
EPIISL1968653/B.1.1/2021-04-18,2021-04-18,mediocre
EPIISL1968980/P.1/2021-04-10,2021-04-10,good
EPIISL2086715/B.1.1/2021-04-21,2021-04-21,mediocre
EPIISL2086716/B.1.526/2021-04-07,2021-04-07,good
EPIISL2100431/B.1.1.7/2021-04-30,2021-04-30,good
EPIISL2100437/B.1.1.7/2021-05-06,2021-05-06,good
EPIISL2134871/B.1.526/2021-04-29,2021-04-29,good
EPIISL2134872/B.1.1.7/2021-04-28,2021-04-28,good
EPIISL2134873/B.1.1.7/2021-05-06,2021-05-06,good
EPIISL2134874/B.1.1.7/2021-05-06,2021-05-06,mediocre
EPIISL2348744/None/2021-05-12,2021-05-12,mediocre
EPIISL2348745/B.1.526/2021-05-11,2021-05-11,good
EPIISL2348746/B.1.526/2021-05-11,2021-05-11,good
EPIISL2348747/B.1.526/2021-05-11,2021-05-11,good
EPIISL2348748/B.1.526/2021-05-12,2021-05-12,good
EPIISL2348749/B.1.526/2021-05-12,2021-05-12,good
EPIISL2348750/A.2.5/2021-05-12,2021-05-12,good
EPIISL2348751/B.1.526/2021-05-12,2021-05-12,good
EPIISL2348752/B.1.1.7/2021-05-13,2021-05-13,good
EPIISL2348753/B.1.526/2021-05-13,2021-05-13,good
EPIISL2348754/B.1.526/2021-05-13,2021-05-13,good
EPIISL2348755/B.1.1.7/2021-05-13,2021-05-13,good
EPIISL2348756/B.1.526/2021-05-13,2021-05-13,good
EPIISL2348757/B.1.526/2021-05-13,2021-05-13,good
EPIISL2348758/A.2.5/2021-05-13,2021-05-13,good
EPIISL2348760/B.1.526/2021-05-13,2021-05-13,good
EPIISL2348761/P.1/2021-05-12,2021-05-12,good
EPIISL2348763/B.1.526/2021-05-13,2021-05-13,good
EPIISL2348764/B.1.526/2021-05-13,2021-05-13,good
EPIISL2348765/B.1.526/2021-05-11,2021-05-11,mediocre
EPIISL2348766/B.1.526/2021-05-13,2021-05-13,good
EPIISL2348767/A.2.5.3/2021-05-13,2021-05-13,good
EPIISL2348768/B.1.1.7/2021-05-13,2021-05-13,good
EPIISL2348769/A.2.5.3/2021-05-13,2021-05-13,good
EPIISL2348770/A.2.5.3/2021-05-13,2021-05-13,good
EPIISL2348771/B.1.1.7/2021-05-13,2021-05-13,good
EPIISL2348772/A.2.5.3/2021-05-13,2021-05-13,good
EPIISL2348773/B.1.526/2021-05-13,2021-05-13,good
EPIISL2348776/B.1.1.7/2021-05-12,2021-05-12,good
EPIISL2348777/B.1.1.7/2021-05-12,2021-05-12,good
EPIISL2348779/B.1.1.7/2021-05-13,2021-05-13,good
EPIISL2348780/B.1.1.7/2021-05-13,2021-05-13,good
EPIISL2348781/A.2.5.3/2021-05-13,2021-05-13,good
EPIISL2348782/A.2.5.3/2021-05-13,2021-05-13,good
EPIISL2348783/B.1.1.348/2021-05-13,2021-05-13,good
EPIISL2348784/B.1.1.348/2021-05-13,2021-05-13,good
EPIISL2348785/B.1.1.348/2021-05-08,2021-05-08,good
EPIISL2348786/B.1.1.7/2021-05-16,2021-05-16,good
EPIISL2348787/B.1.1.411/2021-05-23,2021-05-23,good
EPIISL2348790/P.1/2021-04-30,2021-04-30,good
EPIISL2348791/B.1.526/2021-04-16,2021-04-16,good
EPIISL2361461/P.1/2021-05-02,2021-05-02,good
EPIISL2361482/B.1.1.7/2021-05-20,2021-05-20,good
EPIISL2405145/B.1.526/2021-05-21,2021-05-21,good
EPIISL2405147/A.2.5.3/2021-05-26,2021-05-26,good
EPIISL2405148/B.1/2021-05-27,2021-05-27,good
EPIISL2405149/B.1.526/2021-05-27,2021-05-27,good
EPIISL2405150/B.1.1/2021-05-27,2021-05-27,good
EPIISL2405151/B.1.526/2021-05-26,2021-05-26,good
EPIISL2405152/B.1.526/2021-05-17,2021-05-17,good
EPIISL2405153/B.1.526/2021-05-27,2021-05-27,good
EPIISL2405154/B.1.1.7/2021-05-26,2021-05-26,good
EPIISL2405156/B.1.526/2021-05-26,2021-05-26,good
EPIISL2405157/B.1.526/2021-05-14,2021-05-14,good
EPIISL2405158/B.1.1.7/2021-05-26,2021-05-26,good
EPIISL2405160/B.1.1.7/2021-05-26,2021-05-26,good
EPIISL2405164/B.1/2021-05-26,2021-05-26,good
EPIISL2405165/B.1.530/2021-05-27,2021-05-27,good
EPIISL2405166/B.1.526/2021-05-26,2021-05-26,good
EPIISL2423535/P.1/2021-05-25,2021-05-25,good
EPIISL2458114/P.1/2021-05-08,2021-05-08,good
EPIISL2458115/P.1/2021-05-12,2021-05-12,good
EPIISL2458116/B.1.621/2021-05-13,2021-05-13,good
EPIISL2488710/B.1.526/2021-05-04,2021-05-04,good
EPIISL2488711/B.1.526/2021-05-09,2021-05-09,good
EPIISL2488713/A.2.5.3/2021-05-12,2021-05-12,good
EPIISL2488714/B.1.526/2021-05-10,2021-05-10,good
EPIISL2488715/B.1.526/2021-05-05,2021-05-05,good
EPIISL2488716/B.1.526/2021-05-12,2021-05-12,good
EPIISL2488717/B.1.1.7/2021-05-11,2021-05-11,good
EPIISL2488718/B.1.526/2021-05-12,2021-05-12,good
EPIISL2488719/B.1.1.411/2021-04-01,2021-04-01,good
EPIISL2488720/B.1.1.7/2021-05-11,2021-05-11,good
EPIISL2488722/B.1.1.7/2021-05-09,2021-05-09,good
EPIISL2488723/A.2.5.3/2021-05-05,2021-05-05,good
EPIISL2488724/A.2.5.3/2021-05-10,2021-05-10,good
EPIISL2488725/B.1.526/2021-05-08,2021-05-08,good
EPIISL2488726/A.2.5.3/2021-05-07,2021-05-07,good
EPIISL2488728/P.1/2021-05-21,2021-05-21,good
EPIISL2488729/A.2.5.3/2021-05-07,2021-05-07,mediocre
EPIISL2488730/B.1.621/2021-05-10,2021-05-10,mediocre
EPIISL2488731/B.1.1.7/2021-05-12,2021-05-12,good
EPIISL2488732/B.1.1.7/2021-05-12,2021-05-12,good
EPIISL2488733/B.1.1.7/2021-05-12,2021-05-12,good
EPIISL2488735/B.1.526/2021-05-08,2021-05-08,good
EPIISL2488736/B.1.526/2021-05-11,2021-05-11,good
EPIISL2488737/A.2.5.3/2021-05-12,2021-05-12,good
EPIISL2488739/A.2.5/2021-05-07,2021-05-07,good
EPIISL2488740/B.1.526/2021-05-17,2021-05-17,good
EPIISL2488741/B.1.1.348/2021-04-02,2021-04-02,good
EPIISL2488742/B.1.526/2021-05-12,2021-05-12,good
EPIISL2488744/B.1.1.348/2021-05-11,2021-05-11,good
EPIISL2488746/B.1.526/2021-05-12,2021-05-12,good
EPIISL2488748/B.1.1.7/2021-05-12,2021-05-12,good
EPIISL2488749/B.1.526/2021-05-07,2021-05-07,good
EPIISL2488750/B.1.1.7/2021-05-07,2021-05-07,good
EPIISL2488751/B.1.1.348/2021-05-12,2021-05-12,good
EPIISL2488752/B.1.526/2021-05-06,2021-05-06,good
EPIISL2488753/A.2.5.3/2021-05-08,2021-05-08,good
EPIISL2488755/B.1.526/2021-05-13,2021-05-13,good
EPIISL2492329/B.1.2/2021-05-11,2021-05-11,mediocre
EPIISL2492341/B.1.526/2021-05-27,2021-05-27,good
EPIISL2492343/A.2.5.3/2021-05-27,2021-05-27,good
EPIISL2492346/B.1.1.203/2021-05-27,2021-05-27,good
EPIISL2492350/A.2.5.3/2021-05-21,2021-05-21,good
EPIISL2492351/P.1/2021-05-26,2021-05-26,good
EPIISL2492352/C.37/2021-05-27,2021-05-27,good
EPIISL2492353/B.1.526/2021-05-28,2021-05-28,mediocre
EPIISL2603836/B.1.621.1/2021-06-10,2021-06-10,good
EPIISL2604868/B.1.526/2021-06-08,2021-06-08,good
EPIISL2604869/B.1.1.7/2021-06-08,2021-06-08,good
EPIISL2604871/P.1/2021-06-09,2021-06-09,good
EPIISL2604872/B.1.1.7/2021-06-09,2021-06-09,good
EPIISL2604873/B.1.526/2021-06-09,2021-06-09,good
EPIISL2604874/B.1.526/2021-06-09,2021-06-09,good
EPIISL2604875/P.1/2021-06-09,2021-06-09,good
EPIISL2604876/P.1/2021-06-09,2021-06-09,good
EPIISL2604877/P.1/2021-06-09,2021-06-09,good
EPIISL2604878/B.1.1.7/2021-06-09,2021-06-09,good
EPIISL2604879/B.1.526/2021-06-09,2021-06-09,good
EPIISL2604880/B.1.526/2021-06-09,2021-06-09,good
EPIISL2604881/B.1.526/2021-06-09,2021-06-09,good
EPIISL2604882/A.2.5.3/2021-06-10,2021-06-10,good
EPIISL2604888/B.1/2021-06-10,2021-06-10,good
EPIISL2689832/B.1.1.1/2021-01-18,2021-01-18,good
EPIISL2689834/B.1.1/2020-09-10,2020-09-10,good
EPIISL2689845/B.1.1.7/2021-05-24,2021-05-24,good
EPIISL2712906/B.1.1/2020-09-03,2020-09-03,mediocre
EPIISL2712907/P.1/2021-06-16,2021-06-16,good
EPIISL2712908/B.1.1/2021-06-20,2021-06-20,mediocre
EPIISL2757583/B.1.1.7/2021-05-28,2021-05-28,good
EPIISL2757584/B.1.1.7/2021-05-28,2021-05-28,good
EPIISL2757585/B.1.1.7/2021-06-03,2021-06-03,good
EPIISL2757587/B.1.526/2021-05-05,2021-05-05,good
EPIISL2757588/B.1.1.7/2021-05-14,2021-05-14,good
EPIISL2757590/B.1.526/2021-06-01,2021-06-01,good
EPIISL2757591/B.1.526/2021-05-28,2021-05-28,good
EPIISL2757592/A.2.5.3/2021-06-03,2021-06-03,good
EPIISL2757593/B.1.1.7/2021-06-02,2021-06-02,good
EPIISL2757594/B.1.1.7/2021-06-01,2021-06-01,good
EPIISL2757596/B.1.526/2021-05-14,2021-05-14,good
EPIISL2757599/B.1.526/2021-05-19,2021-05-19,good
EPIISL2757600/B.1.1.7/2021-06-01,2021-06-01,good
EPIISL2757601/B.1.526/2021-05-23,2021-05-23,good
EPIISL2757602/B.1.1.348/2021-04-24,2021-04-24,good
EPIISL2757603/B.1.526/2021-05-31,2021-05-31,good
EPIISL2757604/B.1.526/2021-05-05,2021-05-05,good
EPIISL2757605/B.1.526/2021-06-03,2021-06-03,good
EPIISL2757606/B.1.526/2021-06-02,2021-06-02,good
EPIISL2757607/B.1.526/2021-06-03,2021-06-03,good
EPIISL2757608/B.1.526/2021-05-19,2021-05-19,good
EPIISL2757609/B.1.1.7/2021-06-10,2021-06-10,good
EPIISL2757610/B.1.526/2021-05-26,2021-05-26,good
EPIISL2757611/B.1.1.7/2021-05-21,2021-05-21,good
EPIISL2757615/B.1.526/2021-05-27,2021-05-27,good
EPIISL2757617/B.1.526/2021-05-27,2021-05-27,good
EPIISL2757620/B.1.526/2021-06-02,2021-06-02,good
EPIISL2757622/B.1.1.7/2021-05-16,2021-05-16,good
EPIISL2757623/B.1.1.7/2021-05-20,2021-05-20,good
EPIISL2757625/B.1.526/2021-06-01,2021-06-01,good
EPIISL2757626/B.1.526/2021-05-17,2021-05-17,good
EPIISL2757627/B.1.526/2021-06-03,2021-06-03,good
EPIISL2757628/B.1.1.7/2021-04-15,2021-04-15,good
EPIISL2757629/B.1.526/2021-05-14,2021-05-14,good
EPIISL2757630/P.1/2021-05-19,2021-05-19,good
EPIISL2757631/B.1.526/2021-05-28,2021-05-28,good
EPIISL2757632/B.1.526/2021-05-23,2021-05-23,good
EPIISL2757633/B.1.526/2021-05-19,2021-05-19,good
EPIISL2757634/B.1.526/2021-06-02,2021-06-02,good
EPIISL2757636/B.1.526/2021-05-17,2021-05-17,good
EPIISL2757637/B.1.526/2021-05-26,2021-05-26,good
EPIISL2757639/B.1.526/2021-06-01,2021-06-01,good
EPIISL2757640/A.2.5.3/2021-06-03,2021-06-03,good
EPIISL2757643/B.1.526/2021-05-27,2021-05-27,good
EPIISL2757644/B.1.526/2021-05-18,2021-05-18,good
EPIISL2757646/B.1.526/2021-05-28,2021-05-28,good
EPIISL2757647/B.1.1.7/2021-05-28,2021-05-28,good
EPIISL2757648/B.1.526/2021-06-02,2021-06-02,good
EPIISL2757650/B.1.1.348/2021-04-20,2021-04-20,mediocre
EPIISL2757652/B.1.1.7/2021-05-28,2021-05-28,good
EPIISL2757653/B.1.526/2021-05-21,2021-05-21,good
EPIISL2757654/B.1.526/2021-05-08,2021-05-08,good
EPIISL2893560/B.1.1.7/2021-06-09,2021-06-09,good
EPIISL2893561/B.1.1.7/2021-06-09,2021-06-09,good
EPIISL2893562/B.1.1.7/2021-06-16,2021-06-16,good
EPIISL2893563/B.1.1.7/2021-06-04,2021-06-04,good
EPIISL2893564/B.1.1.7/2021-06-14,2021-06-14,good
EPIISL2893565/B.1.1.7/2021-06-13,2021-06-13,good
EPIISL2893566/B.1.1.7/2021-06-09,2021-06-09,good
EPIISL2893567/B.1.1.7/2021-06-08,2021-06-08,good
EPIISL2893568/B.1.1.7/2021-06-04,2021-06-04,good
EPIISL2893569/B.1.1.7/2021-06-08,2021-06-08,good
EPIISL2893570/B.1.1.7/2021-06-18,2021-06-18,good
EPIISL2893571/B.1.1.7/2021-06-15,2021-06-15,good
EPIISL2893572/B.1.1.7/2021-06-12,2021-06-12,good
EPIISL2893573/B.1.1.7/2021-06-11,2021-06-11,good
EPIISL2893574/B.1.1.7/2021-06-10,2021-06-10,good
EPIISL2893575/B.1.1.7/2021-06-14,2021-06-14,good
EPIISL2893576/B.1.1.7/2021-06-18,2021-06-18,good
EPIISL2893577/B.1.1.7/2021-06-15,2021-06-15,good
EPIISL2893578/B.1.1.7/2021-06-08,2021-06-08,good
EPIISL2893579/B.1.1.7/2021-05-31,2021-05-31,good
EPIISL2893584/B.1.526/2021-06-11,2021-06-11,mediocre
EPIISL2893590/A.2.5.3/2021-06-09,2021-06-09,good
EPIISL2893591/A.2.5.3/2021-06-07,2021-06-07,good
EPIISL2893592/A.2.5.2/2021-06-10,2021-06-10,good
EPIISL2893593/A.2.5.3/2021-06-19,2021-06-19,good
EPIISL2893594/A.2.5.3/2021-06-08,2021-06-08,good
EPIISL2893595/A.2.5.3/2021-06-17,2021-06-17,good
EPIISL2893596/P.1/2021-06-10,2021-06-10,good
EPIISL2893597/P.1/2021-06-21,2021-06-21,good
EPIISL2893598/P.1/2021-06-15,2021-06-15,good
EPIISL2893599/P.1/2021-06-08,2021-06-08,good
EPIISL2893600/P.1/2021-06-08,2021-06-08,good
EPIISL2893601/P.1.12/2021-06-10,2021-06-10,good
EPIISL2893602/P.1/2021-06-18,2021-06-18,good
EPIISL2893603/P.1/2021-06-04,2021-06-04,good
EPIISL2893604/P.1/2021-06-08,2021-06-08,good
EPIISL2893605/P.1/2021-06-03,2021-06-03,good
EPIISL2893606/B.1.526/2021-06-09,2021-06-09,good
EPIISL2893607/B.1.526/2021-06-08,2021-06-08,good
EPIISL2893618/B.1.526/2021-06-14,2021-06-14,mediocre
EPIISL2893619/B.1.526/2021-06-14,2021-06-14,mediocre
EPIISL2893620/B.1.526/2021-06-03,2021-06-03,good
EPIISL2893621/B.1.526/2021-06-17,2021-06-17,good
EPIISL2893622/B.1.526/2021-06-19,2021-06-19,good
EPIISL2893623/B.1.526/2021-06-09,2021-06-09,good
EPIISL2893624/B.1.526/2021-06-04,2021-06-04,good
EPIISL2893625/B.1.526/2021-06-07,2021-06-07,good
EPIISL2893626/B.1.526/2021-06-08,2021-06-08,good
EPIISL2893627/B.1.526/2021-06-10,2021-06-10,good
EPIISL2893628/B.1.526/2021-06-11,2021-06-11,good
EPIISL2893629/B.1.526/2021-06-09,2021-06-09,good
EPIISL2893630/B.1.526/2021-06-16,2021-06-16,good
EPIISL2893631/B.1.526/2021-06-18,2021-06-18,good
EPIISL2893632/B.1.526/2021-06-16,2021-06-16,good
EPIISL2893633/B.1.526/2021-06-06,2021-06-06,good
EPIISL2893634/B.1.526/2021-06-11,2021-06-11,good
EPIISL2893635/B.1.526/2021-06-11,2021-06-11,good
EPIISL2893636/B.1.526/2021-06-09,2021-06-09,good
EPIISL2893637/B.1.526/2021-06-15,2021-06-15,good
EPIISL2893638/B.1.526/2021-06-18,2021-06-18,good
EPIISL2893639/B.1.526/2021-06-14,2021-06-14,good
EPIISL2893640/B.1.526/2021-06-09,2021-06-09,good
EPIISL2893641/B.1.526/2021-06-08,2021-06-08,good
EPIISL2893642/B.1.526/2021-06-14,2021-06-14,good
EPIISL2893643/B.1.526/2021-06-18,2021-06-18,good
EPIISL2893644/B.1.526/2021-06-08,2021-06-08,good
EPIISL2893645/B.1.526/2021-05-07,2021-05-07,good
EPIISL2893646/B.1.526/2021-06-14,2021-06-14,good
EPIISL2893647/B.1.526/2021-06-10,2021-06-10,good
EPIISL2893648/B.1.526/2021-06-10,2021-06-10,good
EPIISL2893649/B.1.526/2021-06-10,2021-06-10,good
EPIISL2893650/B.1.526/2021-06-03,2021-06-03,good
EPIISL2893651/B.1.526/2021-06-16,2021-06-16,good
EPIISL2893652/B.1.526/2021-06-10,2021-06-10,good
EPIISL2893653/B.1.526/2021-06-15,2021-06-15,good
EPIISL2893654/B.1.526/2021-06-16,2021-06-16,good
EPIISL2893655/B.1.526/2021-06-04,2021-06-04,good
EPIISL2893656/B.1.526/2021-06-14,2021-06-14,good
EPIISL2893657/B.1.526/2021-06-14,2021-06-14,good
EPIISL2893658/B.1.526/2021-06-04,2021-06-04,good
EPIISL2893659/B.1.526/2021-06-07,2021-06-07,good
EPIISL2893660/B.1.526/2021-06-02,2021-06-02,good
EPIISL2893661/B.1.526/2021-06-05,2021-06-05,good
EPIISL2893662/B.1.526/2021-06-09,2021-06-09,good
EPIISL2893663/B.1.526/2021-06-14,2021-06-14,good
EPIISL2893664/B.1.526/2021-06-14,2021-06-14,good
EPIISL2893665/B.1.526/2021-06-08,2021-06-08,good
EPIISL2893666/B.1.526/2021-06-09,2021-06-09,good
EPIISL2893667/B.1.1/2021-06-08,2021-06-08,good
EPIISL2895665/AY.4/2021-06-24,2021-06-24,good
EPIISL2895666/AY.4/2021-06-22,2021-06-22,good
EPIISL2895667/AY.4/2021-06-23,2021-06-23,good
EPIISL2895669/AY.4/2021-07-04,2021-07-04,good
EPIISL2895670/AY.4/2021-06-29,2021-06-29,good
EPIISL2895672/AY.1/2021-06-30,2021-06-30,good
EPIISL2895673/AY.4/2021-07-01,2021-07-01,good
EPIISL2895674/AY.4/2021-06-24,2021-06-24,good
EPIISL2897538/B.1.621/2021-06-07,2021-06-07,good
EPIISL2897539/B.1.621.1/2021-06-08,2021-06-08,good
EPIISL2897540/B.1.621/2021-06-17,2021-06-17,good
EPIISL2897542/B.1.621/2021-06-06,2021-06-06,good
EPIISL2897544/P.1/2021-06-10,2021-06-10,good
EPIISL2897546/B.1.621/2021-06-18,2021-06-18,good
EPIISL2897548/B.1.621/2021-06-19,2021-06-19,good
EPIISL2897549/B.1.621/2021-06-16,2021-06-16,good
EPIISL2897550/B.1.621/2021-06-15,2021-06-15,good
EPIISL2897552/B.1.621/2021-06-17,2021-06-17,good
EPIISL2897553/B.1.1.7/2021-06-07,2021-06-07,good
EPIISL2897554/B.1.621/2021-06-16,2021-06-16,good
EPIISL2897555/B.1.621/2021-06-08,2021-06-08,good
EPIISL2897557/B.1.621.1/2021-06-09,2021-06-09,good
EPIISL2897558/B.1.621/2021-06-20,2021-06-20,good
EPIISL2897559/B.1.621/2021-06-19,2021-06-19,good
EPIISL2988447/B.1.526/2021-07-05,2021-07-05,good
EPIISL2988448/P.1/2021-07-01,2021-07-01,good
EPIISL2988450/B.1.526/2021-07-02,2021-07-02,good
EPIISL2988451/A.2.5.3/2021-07-01,2021-07-01,good
EPIISL2988453/A.2.5/2021-07-01,2021-07-01,mediocre
EPIISL2988454/B.1.526/2021-07-02,2021-07-02,good
EPIISL2988455/B.1.526/2021-06-24,2021-06-24,good
EPIISL2988456/B.1.526/2021-06-28,2021-06-28,good
EPIISL2988458/B.1.526/2021-06-25,2021-06-25,good
EPIISL2988459/B.1.1.7/2021-06-23,2021-06-23,good
EPIISL2988460/B.1.526/2021-07-02,2021-07-02,good
EPIISL2988461/B.1.526/2021-07-05,2021-07-05,mediocre
EPIISL2988462/P.1/2021-07-01,2021-07-01,good
EPIISL2988463/P.1/2021-07-01,2021-07-01,good
EPIISL2988465/B.1.526/2021-07-02,2021-07-02,good
EPIISL2988466/P.1/2021-06-23,2021-06-23,good
EPIISL2988469/B.1.1.7/2021-06-17,2021-06-17,good
EPIISL2988474/B.1.526/2021-06-10,2021-06-10,good
EPIISL2988475/B.1.526/2021-06-29,2021-06-29,good
EPIISL2988476/B.1.526/2021-06-22,2021-06-22,good
EPIISL2988477/B.1.526/2021-07-05,2021-07-05,good
EPIISL2988478/B.1.526/2021-06-09,2021-06-09,good
EPIISL2988479/P.1/2021-07-06,2021-07-06,good
EPIISL2988480/B.1.526/2021-06-23,2021-06-23,good
EPIISL2988481/B.1.526/2021-07-01,2021-07-01,good
EPIISL2988482/B.1.1.7/2021-06-29,2021-06-29,good
EPIISL2988483/B.1.526/2021-06-30,2021-06-30,good
EPIISL2988486/P.1/2021-07-06,2021-07-06,good
EPIISL2988489/B.1.526/2021-07-05,2021-07-05,good
EPIISL2988494/B.1.526/2021-07-01,2021-07-01,good
EPIISL2988497/A.2.5.3/2021-06-28,2021-06-28,good
EPIISL2988500/B.1.526/2021-06-28,2021-06-28,good
EPIISL2988501/P.1/2021-07-01,2021-07-01,good
EPIISL2988502/P.1.10/2021-07-01,2021-07-01,good
EPIISL2988504/B.1.526/2021-07-02,2021-07-02,good
EPIISL2988505/B.1.526/2021-06-29,2021-06-29,good
EPIISL2988506/P.1/2021-07-05,2021-07-05,good
EPIISL2988507/B.1.526/2021-06-30,2021-06-30,good
EPIISL2988510/B.1.526/2021-06-29,2021-06-29,good
EPIISL2988515/B.1.526/2021-06-29,2021-06-29,good
EPIISL2988516/B.1.526/2021-07-01,2021-07-01,good
EPIISL2988517/B.1.526/2021-06-24,2021-06-24,good
EPIISL2988518/A.2.5.3/2021-07-01,2021-07-01,good
EPIISL2988519/P.1/2021-07-05,2021-07-05,good
EPIISL2988520/B.1.1.7/2021-06-30,2021-06-30,good
EPIISL2988521/B.1.526/2021-06-25,2021-06-25,good
EPIISL2988523/B.1.526/2021-06-30,2021-06-30,good
EPIISL2988527/B.1.526/2021-06-30,2021-06-30,good
EPIISL2988528/P.1/2021-07-06,2021-07-06,good
EPIISL2988529/P.1/2021-06-22,2021-06-22,good
EPIISL2988530/B.1.526/2021-07-05,2021-07-05,good
EPIISL2988531/P.1/2021-06-21,2021-06-21,good
EPIISL2988532/B.1.1.7/2021-07-01,2021-07-01,good
EPIISL2988535/B.1.526/2021-06-28,2021-06-28,good
EPIISL2988536/B.1.1.348/2021-06-28,2021-06-28,mediocre
EPIISL2988538/B.1.526/2021-07-01,2021-07-01,good
EPIISL2988542/A.2.5.3/2021-07-02,2021-07-02,good
EPIISL2988543/B.1.526/2021-06-29,2021-06-29,good
EPIISL2988544/B.1.526/2021-06-28,2021-06-28,good
EPIISL2988545/B.1.526/2021-06-21,2021-06-21,good
EPIISL2988546/B.1.1.7/2021-07-01,2021-07-01,good
EPIISL2988547/A.2.5.3/2021-07-01,2021-07-01,good
EPIISL2988550/B.1.1.7/2021-06-29,2021-06-29,good
EPIISL2988551/B.1.526/2021-06-30,2021-06-30,good
EPIISL2988552/P.1/2021-06-28,2021-06-28,good
EPIISL2988555/B.1.1.7/2021-06-22,2021-06-22,good
EPIISL2988556/P.1/2021-07-06,2021-07-06,good
EPIISL2988557/B.1.526/2021-07-02,2021-07-02,good
EPIISL2988558/B.1.1.7/2021-06-08,2021-06-08,good
EPIISL2988559/B.1.1.7/2021-06-28,2021-06-28,good
EPIISL2988560/P.1.2/2021-07-02,2021-07-02,good
EPIISL2988561/P.1/2021-06-29,2021-06-29,good
EPIISL2988562/B.1.1.7/2021-06-28,2021-06-28,good
EPIISL2988563/B.1.526/2021-06-24,2021-06-24,good
EPIISL2988564/B.1.1.7/2021-06-23,2021-06-23,good
EPIISL2988568/P.1/2021-06-21,2021-06-21,good
EPIISL2988569/B.1.526/2021-06-30,2021-06-30,good
EPIISL2988571/B.1.526/2021-06-30,2021-06-30,good
EPIISL2988572/B.1.526/2021-07-01,2021-07-01,good
EPIISL2988573/P.1/2021-07-05,2021-07-05,good
EPIISL2988574/B.1.526/2021-07-01,2021-07-01,good
EPIISL2988576/B.1.526/2021-07-02,2021-07-02,good
EPIISL2988577/P.1/2021-07-01,2021-07-01,good
EPIISL2988578/A.2.5.3/2021-07-01,2021-07-01,good
EPIISL2988579/B.1.526/2021-07-02,2021-07-02,good
EPIISL2988580/B.1.526/2021-07-02,2021-07-02,good
EPIISL2988581/P.1/2021-06-28,2021-06-28,good
EPIISL2988583/B.1.526/2021-07-05,2021-07-05,good
EPIISL3010423/B.1.621/2021-07-02,2021-07-02,good
EPIISL3010424/B.1.621/2021-06-24,2021-06-24,good
EPIISL3010425/B.1.621.1/2021-06-15,2021-06-15,good
EPIISL3010426/B.1.621/2021-06-28,2021-06-28,good
EPIISL3010427/B.1.621.1/2021-06-29,2021-06-29,good
EPIISL3010428/B.1.621.1/2021-07-06,2021-07-06,good
EPIISL3010431/B.1.621.1/2021-06-29,2021-06-29,good
EPIISL3010432/B.1.621/2021-07-01,2021-07-01,good
EPIISL3010433/B.1.621/2021-07-05,2021-07-05,good
EPIISL3010434/B.1.621/2021-07-01,2021-07-01,good
EPIISL3010435/B.1.621/2021-06-30,2021-06-30,good
EPIISL3010436/B.1.621.1/2021-06-29,2021-06-29,good
EPIISL3010437/P.1/2021-07-02,2021-07-02,good
EPIISL3010438/B.1.621/2021-06-21,2021-06-21,good
EPIISL3010439/B.1.621/2021-06-24,2021-06-24,good
EPIISL3010440/B.1.621/2021-06-22,2021-06-22,good
EPIISL3010441/B.1.526/2021-07-01,2021-07-01,good
EPIISL3010442/B.1.621/2021-07-02,2021-07-02,good
EPIISL3010443/B.1.621/2021-07-01,2021-07-01,good
EPIISL3010444/B.1.621/2021-06-28,2021-06-28,good
EPIISL3010445/B.1.621/2021-06-30,2021-06-30,good
EPIISL3010446/B.1.621/2021-07-01,2021-07-01,good
EPIISL3010448/B.1.621/2021-06-26,2021-06-26,good
EPIISL3010449/B.1.621.1/2021-07-01,2021-07-01,good
EPIISL3010450/B.1.621/2021-07-03,2021-07-03,good
EPIISL3010451/B.1.621/2021-07-02,2021-07-02,good
EPIISL3010452/B.1.621/2021-06-23,2021-06-23,good
EPIISL3010454/B.1.621/2021-06-28,2021-06-28,good
EPIISL3010455/B.1.621/2021-06-28,2021-06-28,good
EPIISL3010456/B.1.621/2021-06-26,2021-06-26,good
EPIISL3010457/B.1.621/2021-06-30,2021-06-30,good
EPIISL3010459/B.1.621/2021-06-28,2021-06-28,good
EPIISL3010460/B.1.621/2021-07-05,2021-07-05,good
EPIISL3010462/B.1.621/2021-07-01,2021-07-01,good
EPIISL3010463/B.1.621/2021-06-25,2021-06-25,good
EPIISL3068144/P.1/2021-07-05,2021-07-05,good
EPIISL3068152/B.1.526/2021-07-04,2021-07-04,good
EPIISL3068155/A.2.5/2021-07-06,2021-07-06,good
EPIISL3068159/P.1/2021-07-09,2021-07-09,good
EPIISL3068161/B.1.526/2021-07-10,2021-07-10,good
EPIISL3068166/P.1/2021-07-08,2021-07-08,good
EPIISL3068168/B.1.526/2021-07-08,2021-07-08,good
EPIISL3068173/B.1.1.7/2021-07-04,2021-07-04,good
EPIISL3068177/B.1.1.7/2021-07-12,2021-07-12,good
EPIISL3068182/B.1.1.7/2021-07-03,2021-07-03,good
EPIISL3068188/P.1/2021-07-13,2021-07-13,mediocre
EPIISL3068191/B.1.1.7/2021-07-07,2021-07-07,good
EPIISL3068194/P.1/2021-07-05,2021-07-05,good
EPIISL3068199/P.1/2021-07-06,2021-07-06,good
EPIISL3068202/P.1.10/2021-07-14,2021-07-14,good
EPIISL3068204/B.1.1.7/2021-07-13,2021-07-13,good
EPIISL3068205/A.2.5.3/2021-07-09,2021-07-09,good
EPIISL3068206/B.1.526/2021-07-07,2021-07-07,good
EPIISL3068211/B.1.526/2021-07-06,2021-07-06,good
EPIISL3068213/P.1/2021-07-10,2021-07-10,good
EPIISL3068215/A.2.5.3/2021-07-09,2021-07-09,good
EPIISL3068218/P.1/2021-07-07,2021-07-07,good
EPIISL3068223/P.1/2021-07-08,2021-07-08,good
EPIISL3068225/B.1.526/2021-07-05,2021-07-05,good
EPIISL3068227/B.1.526/2021-07-06,2021-07-06,good
EPIISL3068228/P.1/2021-07-07,2021-07-07,good
EPIISL3068231/P.1/2021-07-08,2021-07-08,good
EPIISL3068235/A.2.5.3/2021-07-08,2021-07-08,good
EPIISL3068238/B.1.526/2021-07-09,2021-07-09,good
EPIISL3068240/B.1.526/2021-07-12,2021-07-12,good
EPIISL3068241/P.1/2021-07-15,2021-07-15,good
EPIISL3088301/B.1.526/2021-06-23,2021-06-23,good
EPIISL3088304/B.1.526/2021-06-28,2021-06-28,good
EPIISL3088305/B.1.526/2021-06-30,2021-06-30,good
EPIISL3088306/B/2021-07-13,2021-07-13,good
EPIISL3088307/AY.20/2021-07-14,2021-07-14,good
EPIISL3088308/P.1/2021-07-14,2021-07-14,good
EPIISL3088309/B.1.1/2021-07-15,2021-07-15,good
EPIISL3088310/AY.20/2021-07-19,2021-07-19,good
EPIISL3088311/B.1/2021-07-19,2021-07-19,good
EPIISL3088312/B.1.526/2021-07-21,2021-07-21,good
EPIISL3088313/B.1.526/2021-06-29,2021-06-29,good
EPIISL3088314/B.1.526/2021-06-29,2021-06-29,good
EPIISL3088316/P.1/2021-06-29,2021-06-29,good
EPIISL3088317/P.1/2021-06-29,2021-06-29,good
EPIISL3088319/P.1/2021-06-30,2021-06-30,good
EPIISL3088320/B.1.526/2021-06-30,2021-06-30,good
EPIISL3088322/B.1.526/2021-06-30,2021-06-30,good
EPIISL3088325/B.1.526/2021-07-19,2021-07-19,good
EPIISL3088327/P.1/2021-07-19,2021-07-19,good
EPIISL3088328/B.1.526/2021-07-20,2021-07-20,good
EPIISL3088329/B.1.617.2/2021-07-20,2021-07-20,good
EPIISL3088334/B.1.623/2021-07-15,2021-07-15,good
EPIISL3088339/B.1.526/2021-06-30,2021-06-30,good
EPIISL3133183/B.1.621.1/2021-07-06,2021-07-06,good
EPIISL3133185/B.1.621/2021-07-08,2021-07-08,good
EPIISL3133189/B.1.621/2021-07-06,2021-07-06,good
EPIISL3133190/B.1.621.1/2021-07-04,2021-07-04,good
EPIISL3133191/B.1.621/2021-07-13,2021-07-13,good
EPIISL3133192/B.1.621/2021-07-08,2021-07-08,good
EPIISL3133193/B.1.621/2021-07-08,2021-07-08,good
EPIISL3133197/B.1.621/2021-07-09,2021-07-09,good
EPIISL3133200/B.1.621/2021-07-07,2021-07-07,good
EPIISL3133201/B.1.621/2021-07-13,2021-07-13,good
EPIISL3133204/B.1.621/2021-07-09,2021-07-09,good
EPIISL3133206/B.1.621/2021-07-07,2021-07-07,good
EPIISL3133207/P.1/2021-07-06,2021-07-06,good
EPIISL3133212/B.1.621/2021-07-06,2021-07-06,good
EPIISL3133214/B.1.621/2021-07-08,2021-07-08,good
EPIISL3133225/B.1.621/2021-07-11,2021-07-11,good
EPIISL3133226/B.1.621.1/2021-07-08,2021-07-08,good
EPIISL3260700/B.1.1.7/2021-07-29,2021-07-29,good
EPIISL3267868/AY.4/2021-07-30,2021-07-30,good
EPIISL3267869/AY.4/2021-07-30,2021-07-30,good
EPIISL3267870/AY.25/2021-07-30,2021-07-30,good
EPIISL3267871/B.1.617.2/2021-07-30,2021-07-30,good
EPIISL3267872/B.1.617.2/2021-07-30,2021-07-30,good
EPIISL3274088/AY.4/2021-07-15,2021-07-15,good
EPIISL3274089/AY.4/2021-07-15,2021-07-15,good
EPIISL3274090/AY.4/2021-07-06,2021-07-06,good
EPIISL3274091/AY.4/2021-07-13,2021-07-13,good
EPIISL3274092/AY.4/2021-07-13,2021-07-13,good
EPIISL3274093/AY.4/2021-07-01,2021-07-01,good
EPIISL3274097/AY.4/2021-07-13,2021-07-13,good
EPIISL3274098/AY.4/2021-07-05,2021-07-05,good
EPIISL3274099/AY.4/2021-07-14,2021-07-14,good
EPIISL3274100/AY.4/2021-07-06,2021-07-06,good
EPIISL3274101/B.1.617.2/2021-07-14,2021-07-14,good
EPIISL3274108/AY.4/2021-07-01,2021-07-01,good
EPIISL3274110/AY.4/2021-07-13,2021-07-13,good
EPIISL3274112/AY.4/2021-07-08,2021-07-08,good
EPIISL3274113/AY.4/2021-07-13,2021-07-13,good
EPIISL3274115/AY.4/2021-07-12,2021-07-12,good
EPIISL3274116/AY.4/2021-07-13,2021-07-13,good
EPIISL3274117/AY.4/2021-07-15,2021-07-15,good
EPIISL3274395/P.1/2021-07-14,2021-07-14,good
EPIISL3274398/P.1.3/2021-07-06,2021-07-06,good
EPIISL3274399/B.1.526/2021-07-06,2021-07-06,good
EPIISL3274402/AY.4/2021-07-21,2021-07-21,good
EPIISL3274403/C.37/2021-07-18,2021-07-18,mediocre
EPIISL3274408/B.1.526/2021-07-05,2021-07-05,good
EPIISL3274410/B.1.1.7/2021-07-06,2021-07-06,good
EPIISL3274411/AY.4/2021-07-06,2021-07-06,good
EPIISL3274412/B.1.621/2021-07-20,2021-07-20,good
EPIISL3274413/B.1.526/2021-07-16,2021-07-16,good
EPIISL3274416/B.1.621.1/2021-07-16,2021-07-16,good
EPIISL3274417/B.1.1.7/2021-07-20,2021-07-20,good
EPIISL3274420/B.1.617.2/2021-07-15,2021-07-15,good
EPIISL3274421/B.1.621/2021-07-21,2021-07-21,good
EPIISL3274426/A.2.5.3/2021-07-16,2021-07-16,good
EPIISL3274429/B.1.621/2021-07-14,2021-07-14,good
EPIISL3274430/P.1/2021-07-15,2021-07-15,good
EPIISL3274432/B.1.621/2021-07-19,2021-07-19,good
EPIISL3274433/AY.26/2021-07-18,2021-07-18,good
EPIISL3274434/B.1.526/2021-07-16,2021-07-16,good
EPIISL3274435/C.37/2021-07-07,2021-07-07,mediocre
EPIISL3274436/B.1.621.1/2021-07-16,2021-07-16,good
EPIISL3274437/AY.4/2021-07-19,2021-07-19,good
EPIISL3274438/B.1.526/2021-07-21,2021-07-21,good
EPIISL3274439/B.1.526/2021-07-14,2021-07-14,good
EPIISL3274441/B.1.637/2021-07-05,2021-07-05,good
EPIISL3274444/B.1.526/2021-07-07,2021-07-07,good
EPIISL3274446/B.1.526/2021-07-16,2021-07-16,good
EPIISL3274448/B.1.526/2021-07-16,2021-07-16,good
EPIISL3274450/B.1.526/2021-07-05,2021-07-05,good
EPIISL3274451/B.1.621/2021-07-14,2021-07-14,good
EPIISL3274452/B.1.621/2021-07-14,2021-07-14,good
EPIISL3274454/B.1.617.2/2021-07-05,2021-07-05,good
EPIISL3274455/AY.4/2021-07-20,2021-07-20,good
EPIISL3274456/B.1.621.1/2021-07-21,2021-07-21,good
EPIISL3274457/B.1.621/2021-07-19,2021-07-19,good
EPIISL3274458/P.1/2021-07-13,2021-07-13,good
EPIISL3274459/AY.4/2021-07-21,2021-07-21,good
EPIISL3274460/P.1/2021-07-15,2021-07-15,good
EPIISL3274462/P.1/2021-07-06,2021-07-06,good
EPIISL3274463/AY.4/2021-07-21,2021-07-21,good
EPIISL3274464/B.1.526/2021-07-19,2021-07-19,good
EPIISL3274467/B.1.621/2021-07-15,2021-07-15,good
EPIISL3274468/B.1.1.7/2021-07-15,2021-07-15,good
EPIISL3274469/B.1.526/2021-07-19,2021-07-19,good
EPIISL3274470/B.1.621/2021-07-15,2021-07-15,good
EPIISL3274471/B.1.526/2021-07-14,2021-07-14,good
EPIISL3274472/B.1.621/2021-07-14,2021-07-14,good
EPIISL3274476/B.1.1.7/2021-07-20,2021-07-20,good
EPIISL3274477/AY.4/2021-07-16,2021-07-16,good
EPIISL3274480/P.1/2021-07-15,2021-07-15,good
EPIISL3274481/B.1.621.1/2021-07-14,2021-07-14,good
EPIISL3274483/B.1.621/2021-07-16,2021-07-16,good
EPIISL3274486/B.1.621/2021-07-16,2021-07-16,good
EPIISL3274487/B.1.1.7/2021-07-19,2021-07-19,good
EPIISL3274489/A.2.5.3/2021-07-18,2021-07-18,good
EPIISL3274491/AY.4/2021-07-21,2021-07-21,mediocre
EPIISL3274493/B.1.1.7/2021-07-16,2021-07-16,good
EPIISL3274495/B.1.621/2021-07-06,2021-07-06,good
EPIISL3274497/P.1/2021-07-19,2021-07-19,good
EPIISL3274498/B.1.621/2021-07-15,2021-07-15,good
EPIISL3274502/P.1/2021-07-16,2021-07-16,good
EPIISL3274503/P.1.9/2021-07-05,2021-07-05,good
EPIISL3274504/B.1.621.1/2021-07-16,2021-07-16,good
EPIISL3274508/B.1.1.7/2021-07-15,2021-07-15,good
EPIISL3274509/A.2.5.3/2021-07-18,2021-07-18,good
EPIISL3274510/AY.4/2021-07-19,2021-07-19,good
EPIISL3274512/P.1/2021-07-06,2021-07-06,good
EPIISL3274514/B.1.526/2021-07-20,2021-07-20,good
EPIISL3274515/AY.4/2021-07-21,2021-07-21,good
EPIISL3274516/B.1.621/2021-07-21,2021-07-21,good
EPIISL3274518/AY.4/2021-07-21,2021-07-21,good
EPIISL3274519/B.1.1.7/2021-07-05,2021-07-05,good
EPIISL3274520/P.1/2021-07-16,2021-07-16,good
EPIISL3274521/B.1.617.2/2021-07-21,2021-07-21,good
EPIISL3274522/B.1.526/2021-07-21,2021-07-21,good
EPIISL3274524/P.1.9/2021-07-05,2021-07-05,good
EPIISL3274525/P.1/2021-07-19,2021-07-19,good
EPIISL3274528/B.1.1.7/2021-07-16,2021-07-16,good
EPIISL3274530/P.1/2021-07-17,2021-07-17,good
EPIISL3274531/B.1.526/2021-07-16,2021-07-16,good
EPIISL3274532/B.1.621/2021-07-06,2021-07-06,good
EPIISL3274537/B.1.1.7/2021-07-16,2021-07-16,good
EPIISL3274538/B.1.621/2021-07-16,2021-07-16,good
EPIISL3274539/P.1/2021-07-06,2021-07-06,good
EPIISL3274540/P.1/2021-07-06,2021-07-06,mediocre
EPIISL3274542/B.1.621/2021-07-16,2021-07-16,good
EPIISL3274543/B.1.621/2021-07-13,2021-07-13,good
EPIISL3274546/B.1.621/2021-07-16,2021-07-16,good
EPIISL3274547/AY.4/2021-07-19,2021-07-19,good
EPIISL3274549/P.1/2021-07-16,2021-07-16,good
EPIISL3274551/B.1.617.2/2021-07-16,2021-07-16,good
EPIISL3274553/B.1.526/2021-07-15,2021-07-15,good
EPIISL3274554/B.1.526/2021-07-05,2021-07-05,good
EPIISL3274558/B.1.526/2021-07-21,2021-07-21,good
EPIISL3274560/B.1.1.7/2021-07-20,2021-07-20,good
EPIISL3274563/B.1.621/2021-07-16,2021-07-16,good
EPIISL3274565/B.1.1.7/2021-07-18,2021-07-18,good
EPIISL3274568/B.1.526/2021-07-16,2021-07-16,good
EPIISL3274569/P.1/2021-07-16,2021-07-16,good
EPIISL3274570/A.2.5.3/2021-07-16,2021-07-16,good
EPIISL3274571/B.1.617.2/2021-07-21,2021-07-21,good
EPIISL3274572/B.1.1.7/2021-07-15,2021-07-15,good
EPIISL3274577/B.1.621.1/2021-07-16,2021-07-16,good
EPIISL3274578/B.1.526/2021-07-20,2021-07-20,mediocre
EPIISL3274579/B.1.621/2021-07-20,2021-07-20,good
EPIISL3274580/B.1.526/2021-07-06,2021-07-06,good
EPIISL3274581/B.1.621.1/2021-07-05,2021-07-05,good
EPIISL3274583/B.1.526/2021-07-13,2021-07-13,good
EPIISL3274586/AY.4/2021-07-21,2021-07-21,good
EPIISL3274589/B.1.621/2021-07-20,2021-07-20,good
EPIISL3274590/B.1.526/2021-07-07,2021-07-07,good
EPIISL3274591/B.1.621/2021-07-19,2021-07-19,good
EPIISL3274593/P.1/2021-07-06,2021-07-06,good
EPIISL3274595/AY.4/2021-07-20,2021-07-20,good
EPIISL3274598/B.1.621/2021-07-15,2021-07-15,good
EPIISL3274600/B.1.526/2021-07-05,2021-07-05,good
EPIISL3274602/A.2.5.3/2021-07-17,2021-07-17,good
EPIISL3274603/B.1.526/2021-07-16,2021-07-16,good
EPIISL3274605/B.1.1.7/2021-07-05,2021-07-05,good
EPIISL3274608/P.1/2021-07-16,2021-07-16,good
EPIISL3274609/B.1.526/2021-07-19,2021-07-19,good
EPIISL3274610/B.1.617.2/2021-07-21,2021-07-21,good
EPIISL3274611/A.2.5.3/2021-07-17,2021-07-17,good
EPIISL3274613/B.1.621/2021-07-20,2021-07-20,good
EPIISL3274615/P.1/2021-07-15,2021-07-15,good
EPIISL3274617/B.1.621/2021-07-16,2021-07-16,good
EPIISL3274618/AY.4/2021-07-20,2021-07-20,good
EPIISL3274619/B.1.621/2021-07-20,2021-07-20,good
EPIISL3274621/B.1.621/2021-07-16,2021-07-16,good
EPIISL3274622/B.1.526/2021-07-16,2021-07-16,good
EPIISL3274623/B.1.621.1/2021-07-08,2021-07-08,good
EPIISL3274624/B.1.526/2021-07-14,2021-07-14,good
EPIISL3505593/None/2021-08-05,2021-08-05,good
EPIISL3505609/B.1.621/2021-08-05,2021-08-05,good
EPIISL3505610/P.1.12/2021-07-21,2021-07-21,good
EPIISL3505611/P.1.12/2021-07-21,2021-07-21,good
EPIISL3505612/B.1.621/2021-07-22,2021-07-22,good
EPIISL3505613/B.1.621/2021-07-30,2021-07-30,good
EPIISL3505614/C.37/2021-07-30,2021-07-30,good
EPIISL3505615/B.1/2021-08-02,2021-08-02,good
EPIISL3505616/AY.25/2021-08-03,2021-08-03,good
EPIISL3505617/C.37/2021-08-05,2021-08-05,good
EPIISL3505618/C.37/2021-08-05,2021-08-05,good
EPIISL3505619/AY.33/2021-08-05,2021-08-05,good
EPIISL3505620/P.1/2021-08-05,2021-08-05,good
EPIISL3505621/C.37/2021-08-05,2021-08-05,good
EPIISL3505622/A.2.5.3/2021-08-02,2021-08-02,good
EPIISL3505623/AY.33/2021-08-02,2021-08-02,good
EPIISL3505624/B.1.526/2021-07-21,2021-07-21,good
EPIISL3505625/B.1.621/2021-08-04,2021-08-04,good
EPIISL3505626/B.1.621/2021-08-06,2021-08-06,good
EPIISL3505627/B.1.526/2021-08-03,2021-08-03,good
EPIISL3505628/B.1.621/2021-08-05,2021-08-05,good
EPIISL3505629/P.1/2021-08-02,2021-08-02,good
EPIISL3505630/P.1/2021-08-10,2021-08-10,good
EPIISL3505631/B.1.621/2021-08-10,2021-08-10,good
EPIISL3506143/B.1.1.231/2021-01-28,2021-01-28,good
EPIISL3506146/B.1.526/2021-07-19,2021-07-19,good
EPIISL3506150/B.1.1.348/2021-01-18,2021-01-18,good
EPIISL3506151/B.1.1/2020-08-19,2020-08-19,good
EPIISL3506153/B.1.526/2021-07-17,2021-07-17,good
EPIISL3506154/B.1.1.121/2020-07-01,2020-07-01,good
EPIISL3506156/B.1.1.7/2021-07-21,2021-07-21,good
EPIISL3506157/B.1.621/2021-07-16,2021-07-16,good
EPIISL3506158/B.1.1/2020-08-12,2020-08-12,good
EPIISL3506160/B.1.1/2021-07-19,2021-07-19,mediocre
EPIISL3824567/B.1.623/2021-07-29,2021-07-29,good
EPIISL3824580/B.1/2021-08-16,2021-08-16,good
EPIISL3824589/B.1.526/2021-07-15,2021-07-15,good
EPIISL3824590/None/2021-07-16,2021-07-16,good
EPIISL3824591/None/2021-07-13,2021-07-13,good
EPIISL3824593/B.1/2021-07-16,2021-07-16,good
EPIISL3824594/B.1.1.10/2021-07-10,2021-07-10,good
EPIISL3824596/B.1/2021-07-16,2021-07-16,good
EPIISL3824597/B.1.623/2021-07-12,2021-07-12,good
EPIISL3824598/B.1/2021-07-27,2021-07-27,good
EPIISL3824606/P.1/2021-07-30,2021-07-30,good
EPIISL3824607/B.1/2021-07-27,2021-07-27,good
EPIISL3824608/B.1/2021-07-15,2021-07-15,good
EPIISL3845798/None/2021-08-13,2021-08-13,good
EPIISL3845803/B.1.526/2021-08-16,2021-08-16,good
EPIISL3845812/AY.4/2021-08-16,2021-08-16,good
EPIISL3845814/B.1.617.2/2021-08-17,2021-08-17,good
EPIISL3845815/AY.26/2021-08-16,2021-08-16,good
EPIISL3845825/AY.4/2021-08-17,2021-08-17,good
EPIISL3845828/AY.4/2021-08-17,2021-08-17,good
EPIISL4467162/P.1/2021-07-28,2021-07-28,good
EPIISL4467163/B.1.526/2021-07-14,2021-07-14,good
EPIISL4496941/B.1.621.1/2021-07-26,2021-07-26,good
EPIISL4496942/AY.4/2021-07-29,2021-07-29,good
EPIISL4496943/B.1.526/2021-08-03,2021-08-03,mediocre
EPIISL4496946/P.1/2021-07-14,2021-07-14,good
EPIISL4496948/AY.4/2021-07-29,2021-07-29,good
EPIISL4496949/B.1.621/2021-07-10,2021-07-10,good
EPIISL4496951/B.1.1.7/2021-07-20,2021-07-20,good
EPIISL4496952/P.1/2021-07-20,2021-07-20,good
EPIISL4496954/A.2.5.3/2021-07-13,2021-07-13,good
EPIISL4496956/B.1.621/2021-07-14,2021-07-14,good
EPIISL4496957/B.1.621/2021-07-14,2021-07-14,good
EPIISL4496959/P.1/2021-07-20,2021-07-20,good
EPIISL4496963/B.1.621/2021-07-21,2021-07-21,good
EPIISL4496965/P.1/2021-07-20,2021-07-20,good
EPIISL4496966/P.1/2021-07-14,2021-07-14,good
EPIISL4496967/B.1.621.1/2021-07-20,2021-07-20,good
EPIISL4496968/P.1/2021-07-20,2021-07-20,good
EPIISL4496971/B.1.526/2021-07-28,2021-07-28,good
EPIISL4496972/B.1.526/2021-07-12,2021-07-12,good
EPIISL4496975/B.1.621/2021-07-19,2021-07-19,good
EPIISL4496976/B.1.621.1/2021-07-26,2021-07-26,good
EPIISL4496978/AY.4/2021-07-26,2021-07-26,good
EPIISL4496979/B.1.621.1/2021-07-27,2021-07-27,good
EPIISL4496981/B.1.526/2021-07-14,2021-07-14,good
EPIISL4496987/B.1.526/2021-07-26,2021-07-26,good
EPIISL4496988/B.1.621/2021-07-12,2021-07-12,good
EPIISL4496989/B.1.621/2021-07-26,2021-07-26,good
EPIISL4496990/P.1/2021-07-12,2021-07-12,good
EPIISL4496991/B.1.621.1/2021-07-22,2021-07-22,good
EPIISL4496993/B.1.617.2/2021-07-29,2021-07-29,good
EPIISL4496994/B.1.621/2021-07-22,2021-07-22,good
EPIISL4496996/B.1.621/2021-07-19,2021-07-19,good
EPIISL4496997/B.1.621/2021-07-28,2021-07-28,good
EPIISL4496998/A.2.5.3/2021-07-22,2021-07-22,good
EPIISL4496999/B.1.621.1/2021-08-02,2021-08-02,good
EPIISL4497001/A.2.5.3/2021-07-22,2021-07-22,good
EPIISL4497002/P.1/2021-07-12,2021-07-12,good
EPIISL4497004/B.1.526/2021-07-23,2021-07-23,good
EPIISL4497006/B.1.621/2021-07-20,2021-07-20,good
EPIISL4497007/B.1.621/2021-07-22,2021-07-22,good
EPIISL4497011/B.1.621/2021-07-21,2021-07-21,good
EPIISL4497013/AY.4/2021-07-30,2021-07-30,good
EPIISL4497014/B.1.621/2021-07-12,2021-07-12,good
EPIISL4497015/AY.4/2021-07-28,2021-07-28,good
EPIISL4497016/B.1.621.1/2021-07-21,2021-07-21,good
EPIISL4497019/B.1.621/2021-07-25,2021-07-25,good
EPIISL4497020/P.1/2021-07-14,2021-07-14,good
EPIISL4497021/P.1.10/2021-07-12,2021-07-12,good
EPIISL4497022/B.1.1.7/2021-07-21,2021-07-21,good
EPIISL4497025/B.1.621/2021-07-22,2021-07-22,good
EPIISL4497026/None/2021-08-02,2021-08-02,good
EPIISL4497030/B.1.526/2021-07-13,2021-07-13,good
EPIISL4497033/P.1/2021-07-13,2021-07-13,good
EPIISL4497036/AY.4/2021-07-27,2021-07-27,good
EPIISL4497037/B.1.621/2021-07-19,2021-07-19,good
EPIISL4497040/B.1.1.7/2021-07-12,2021-07-12,good
EPIISL4497046/B.1.1.7/2021-07-24,2021-07-24,good
EPIISL4497047/AY.4/2021-07-29,2021-07-29,good
EPIISL4497048/B.1.621/2021-07-14,2021-07-14,good
EPIISL4497050/B.1.621.1/2021-08-02,2021-08-02,good
EPIISL4497057/P.1.12/2021-07-27,2021-07-27,good
EPIISL4497058/B.1.526/2021-07-13,2021-07-13,good
EPIISL4497063/B.1.526/2021-07-22,2021-07-22,good
EPIISL4497067/B.1.621/2021-07-27,2021-07-27,good
EPIISL4497070/AY.4/2021-07-23,2021-07-23,good
EPIISL4497072/B.1.526/2021-07-14,2021-07-14,mediocre
EPIISL4497076/B.1.526/2021-07-30,2021-07-30,good
EPIISL4497077/P.1/2021-07-14,2021-07-14,good
EPIISL4497078/P.1/2021-07-14,2021-07-14,good
EPIISL4497080/B.1.1.7/2021-07-21,2021-07-21,good
EPIISL4497082/B.1.526/2021-07-13,2021-07-13,good
EPIISL4497083/B.1.621/2021-07-13,2021-07-13,good
EPIISL4497085/P.1/2021-07-22,2021-07-22,good
EPIISL4497086/A.2.5.3/2021-07-29,2021-07-29,good
EPIISL4497089/B.1.621/2021-07-23,2021-07-23,good
EPIISL4497090/AY.4/2021-07-27,2021-07-27,good
EPIISL4497092/B.1.621/2021-07-25,2021-07-25,good
EPIISL4497093/B.1.621/2021-07-22,2021-07-22,good
EPIISL4497094/B.1.526/2021-07-12,2021-07-12,good
EPIISL4497095/B.1.621/2021-07-13,2021-07-13,good
EPIISL4497096/AY.4/2021-08-02,2021-08-02,good
EPIISL4497097/P.1/2021-07-11,2021-07-11,good
EPIISL4497102/P.1/2021-07-27,2021-07-27,good
EPIISL4497103/B.1.621/2021-07-28,2021-07-28,good
EPIISL4497104/B.1.526/2021-07-12,2021-07-12,good
EPIISL4497105/B.1.1.7/2021-07-27,2021-07-27,good
EPIISL4497106/B.1.621.1/2021-07-27,2021-07-27,good
EPIISL4497111/P.1/2021-07-27,2021-07-27,good
EPIISL4497114/B.1.621/2021-07-19,2021-07-19,good
EPIISL4497123/B.1.621/2021-07-19,2021-07-19,good
EPIISL4497124/AY.4/2021-07-25,2021-07-25,good
EPIISL4497129/B.1.621/2021-07-07,2021-07-07,good
EPIISL4497131/P.1/2021-07-17,2021-07-17,good
EPIISL4497132/AY.4/2021-07-29,2021-07-29,good
EPIISL4497133/B.1.526/2021-07-29,2021-07-29,good
EPIISL4497134/AY.4/2021-07-26,2021-07-26,good
EPIISL4497135/B.1.621/2021-07-14,2021-07-14,good
EPIISL4497136/B.1.526/2021-07-14,2021-07-14,good
EPIISL4497138/B.1.1.7/2021-07-21,2021-07-21,good
EPIISL4497144/B.1.621/2021-07-19,2021-07-19,good
EPIISL4497145/B.1.621/2021-07-19,2021-07-19,good
EPIISL4497147/P.1/2021-07-14,2021-07-14,mediocre
EPIISL4497151/B.1.621.1/2021-07-10,2021-07-10,good
EPIISL4497153/B.1.526/2021-07-20,2021-07-20,good
EPIISL4497154/B.1.621/2021-07-29,2021-07-29,good
EPIISL4497155/B.1.526/2021-07-22,2021-07-22,good
EPIISL4497156/B.1.1.7/2021-07-22,2021-07-22,good
EPIISL4497157/P.1.12/2021-07-26,2021-07-26,good
EPIISL4497161/P.1/2021-07-19,2021-07-19,good
EPIISL4497163/B.1.1.7/2021-07-20,2021-07-20,good
EPIISL4497165/P.1/2021-07-23,2021-07-23,good
EPIISL4497166/B.1.621.1/2021-07-14,2021-07-14,good
EPIISL4497167/P.1/2021-08-02,2021-08-02,good
EPIISL4497170/B.1.526/2021-07-27,2021-07-27,good
EPIISL4497171/B.1.621/2021-07-15,2021-07-15,good
EPIISL4497172/P.1/2021-07-20,2021-07-20,good
EPIISL4497173/B.1.1.7/2021-07-21,2021-07-21,good
EPIISL4497174/P.1/2021-07-07,2021-07-07,good
EPIISL4497180/A.2.5.3/2021-07-29,2021-07-29,good
EPIISL4497181/B.1.526/2021-07-26,2021-07-26,good
EPIISL4497182/B.1.526/2021-07-19,2021-07-19,good
EPIISL4497184/B.1.621/2021-07-25,2021-07-25,good
EPIISL4497187/B.1.621.1/2021-07-20,2021-07-20,good
EPIISL4497190/B.1.1.7/2021-07-12,2021-07-12,good
EPIISL4497194/B.1.526/2021-07-24,2021-07-24,good
EPIISL4497195/B.1.1.7/2021-07-12,2021-07-12,good
EPIISL4497197/B.1.621/2021-07-28,2021-07-28,mediocre
EPIISL4497198/AY.4/2021-07-20,2021-07-20,good
EPIISL4497199/P.1/2021-07-20,2021-07-20,good
EPIISL4497200/B.1.526/2021-07-26,2021-07-26,good
EPIISL4497201/B.1.621.1/2021-08-02,2021-08-02,good
EPIISL4497202/B.1.621/2021-07-20,2021-07-20,good
EPIISL4497204/B.1.621/2021-07-26,2021-07-26,good
EPIISL4497205/AY.4/2021-07-27,2021-07-27,good
EPIISL4497206/B.1.621.1/2021-07-20,2021-07-20,good
EPIISL4497210/B.1.621/2021-07-21,2021-07-21,mediocre
EPIISL4497211/AY.4/2021-07-27,2021-07-27,good
EPIISL4497212/B.1.526/2021-07-26,2021-07-26,good
EPIISL4497218/AY.4/2021-07-27,2021-07-27,good
EPIISL4497219/B.1.621/2021-07-19,2021-07-19,good
EPIISL4497225/B.1.1.7/2021-07-23,2021-07-23,good
EPIISL4497228/B.1.526/2021-07-20,2021-07-20,good
EPIISL4497229/AY.4/2021-07-29,2021-07-29,good
EPIISL4497230/B.1.1.7/2021-07-13,2021-07-13,good
EPIISL4497238/B.1.621/2021-07-13,2021-07-13,good
EPIISL4497241/B.1.621.1/2021-07-13,2021-07-13,good
EPIISL4497242/B.1.1.7/2021-07-21,2021-07-21,good
EPIISL4497245/P.1.10/2021-07-27,2021-07-27,good
EPIISL4497246/B.1.621/2021-07-19,2021-07-19,good
EPIISL4497253/B.1.621/2021-07-26,2021-07-26,good
EPIISL4497255/B.1.526/2021-07-13,2021-07-13,good
EPIISL4497256/B.1.526/2021-07-29,2021-07-29,good
EPIISL4497257/B.1.526/2021-07-13,2021-07-13,good
EPIISL4497259/B.1.621/2021-07-22,2021-07-22,good
EPIISL4497261/B.1.526/2021-07-23,2021-07-23,good
EPIISL4497266/B.1.617.2/2021-07-20,2021-07-20,good
EPIISL4497268/B.1.621.1/2021-07-10,2021-07-10,good
EPIISL4497272/P.1/2021-07-20,2021-07-20,good
EPIISL4497275/B.1.1.7/2021-07-20,2021-07-20,good
EPIISL4497277/B.1.526/2021-07-26,2021-07-26,good
EPIISL4497278/P.1/2021-07-11,2021-07-11,good
EPIISL4497282/AY.4/2021-07-26,2021-07-26,good
EPIISL4497284/P.1/2021-07-27,2021-07-27,good
EPIISL4511367/AY.25/2021-07-22,2021-07-22,good
EPIISL4511369/B.1.1.7/2021-07-19,2021-07-19,good
EPIISL4511370/B.1.1.7/2021-07-20,2021-07-20,good
EPIISL4511371/P.1/2021-07-15,2021-07-15,good
EPIISL4511372/P.1/2021-07-19,2021-07-19,good
EPIISL4511374/B.1.526/2021-06-07,2021-06-07,good
EPIISL4511375/B.1.1.7/2021-03-01,2021-03-01,good
EPIISL5073650/AY.4/2021-09-23,2021-09-23,good
