name	nameseq	pangolineage	date	state
106_S73/B.1.1/2020-03-30/GUAYAS	106_S73	B.1.1	2020-03-30	GUAYAS
121842_S1/B.1.1/2020-09-02/SANTO_DOMINGO	121842_S1	B.1.1	2020-09-02	SANTO_DOMINGO
122062_S2/B.1.1/2020-09-02/EL_ORO	122062_S2	B.1.1	2020-09-02	EL_ORO
122084_S4/B.1.1/2020-09-02/EL_ORO	122084_S4	B.1.1	2020-09-02	EL_ORO
122097_S5/B.1.1/2020-09-02/EL_ORO	122097_S5	B.1.1	2020-09-02	EL_ORO
122177_S6/B.1.1/2020-09-01/LOJA	122177_S6	B.1.1	2020-09-01	LOJA
122181_S7/B.1.1/2020-09-02/LOJA	122181_S7	B.1.1	2020-09-02	LOJA
122182_S8/B.1.1/2020-09-02/LOJA	122182_S8	B.1.1	2020-09-02	LOJA
122226_S9/B.1.1/2020-09-02/LOJA	122226_S9	B.1.1	2020-09-02	LOJA
122266_S12/B.1.1/2020-09-02/EL_ORO	122266_S12	B.1.1	2020-09-02	EL_ORO
122279_S15/B.1.1/2020-09-02/EL_ORO	122279_S15	B.1.1	2020-09-02	EL_ORO
122475_S17/B.1.1/2020-09-03/GUAYAS	122475_S17	B.1.1	2020-09-03	GUAYAS
122477_S19/B.1.1/2020-09-03/GUAYAS	122477_S19	B.1.1	2020-09-03	GUAYAS
122519_S20/B.1.1/2020-09-02/SANTO_DOMINGO	122519_S20	B.1.1	2020-09-02	SANTO_DOMINGO
122535_S21/B.1.1/2020-09-02/PICHINCHA	122535_S21	B.1.1	2020-09-02	PICHINCHA
122637_S22/B.1.1/2020-09-03/LOS_RIOS	122637_S22	B.1.1	2020-09-03	LOS_RIOS
122754_S23/B.1.1/2020-09-03/EL_ORO	122754_S23	B.1.1	2020-09-03	EL_ORO
122809_S25/B.1.1/2020-09-03/GUAYAS	122809_S25	B.1.1	2020-09-03	GUAYAS
122861_S26/B.1.1/2020-09-04/GUAYAS	122861_S26	B.1.1	2020-09-04	GUAYAS
122892_S27/B.1.1/2020-09-04/BOLIVAR	122892_S27	B.1.1	2020-09-04	BOLIVAR
126269_S31/B.1.1/2020-09-10/EL_ORO	126269_S31	B.1.1	2020-09-10	EL_ORO
126317_S34/B.1.1/2020-09-10/EL_ORO	126317_S34	B.1.1	2020-09-10	EL_ORO
127173_S38/B.1.1/2020-09-11/MANABI	127173_S38	B.1.1	2020-09-11	MANABI
127194_S41/B.1.1/2020-09-10/SANTO_DOMINGO	127194_S41	B.1.1	2020-09-10	SANTO_DOMINGO
127929_S44/B.1.1/2020-09-15/GUAYAS	127929_S44	B.1.1	2020-09-15	GUAYAS
128002_S45/B.1.1/2020-09-15/LOJA	128002_S45	B.1.1	2020-09-15	LOJA
128458_S47/B.1.1/2020-09-15/SANTO_DOMINGO	128458_S47	B.1.1	2020-09-15	SANTO_DOMINGO
129558_S50/B.1.1/2020-09-17/LOJA	129558_S50	B.1.1	2020-09-17	LOJA
129690_S52/B.1.1/2020-09-16/MANABI	129690_S52	B.1.1	2020-09-16	MANABI
129744_S53/B.1.1/2020-09-16/MANABI	129744_S53	B.1.1	2020-09-16	MANABI
129947_S54/B.1.1/2020-09-17/EL_ORO	129947_S54	B.1.1	2020-09-17	EL_ORO
130032_S56/B.1.1/2020-09-17/EL_ORO	130032_S56	B.1.1	2020-09-17	EL_ORO
130034_S57/B.1.1/2020-09-17/EL_ORO	130034_S57	B.1.1	2020-09-17	EL_ORO
130439_S58/B.1.1/2020-09-18/MANABI	130439_S58	B.1.1	2020-09-18	MANABI
130534_S59/B.1.1/2020-09-17/MANABI	130534_S59	B.1.1	2020-09-17	MANABI
131358_S60/B.1.1/2020-09-18/CHIMBORAZO	131358_S60	B.1.1	2020-09-18	CHIMBORAZO
131362_S61/B.1.1/2020-09-19/CHIMBORAZO	131362_S61	B.1.1	2020-09-19	CHIMBORAZO
131367_S62/B.1.1/2020-09-21/CHIMBORAZO	131367_S62	B.1.1	2020-09-21	CHIMBORAZO
131373_S63/B.1.1/2020-09-21/GUAYAS	131373_S63	B.1.1	2020-09-21	GUAYAS
131411_S64/B.1.1/2020-09-21/EL_ORO	131411_S64	B.1.1	2020-09-21	EL_ORO
131453_S65/B.1.1/2020-09-21/EL_ORO	131453_S65	B.1.1	2020-09-21	EL_ORO
131823_S67/B.1.1/2020-09-22/EL_ORO	131823_S67	B.1.1	2020-09-22	EL_ORO
131901_S68/B.1.1/2020-09-22/SANTO_DOMINGO	131901_S68	B.1.1	2020-09-22	SANTO_DOMINGO
136_S85/B.1.1/2020-04-01/GUAYAS	136_S85	B.1.1	2020-04-01	GUAYAS
137726_S69/B.1.1/2020-10-05/EL_ORO	137726_S69	B.1.1	2020-10-05	EL_ORO
137749_S71/B.1.1/2020-10-04/ESMERALDAS	137749_S71	B.1.1	2020-10-04	ESMERALDAS
137797_S72/B.1.1/2020-10-06/GUAYAS	137797_S72	B.1.1	2020-10-06	GUAYAS
137818_S73/B.1.1/2020-10-06/MANABI	137818_S73	B.1.1	2020-10-06	MANABI
137887_S76/B.1.1/2020-10-05/EL_ORO	137887_S76	B.1.1	2020-10-05	EL_ORO
137929_S78/B.1.1/2020-10-05/GUAYAS	137929_S78	B.1.1	2020-10-05	GUAYAS
137940_S79/B.1.1/2020-10-06/GUAYAS	137940_S79	B.1.1	2020-10-06	GUAYAS
137943_S80/B.1.1/2020-10-06/GUAYAS	137943_S80	B.1.1	2020-10-06	GUAYAS
138005_S81/B.1.1/2020-10-06/LOS_RIOS	138005_S81	B.1.1	2020-10-06	LOS_RIOS
138102_S85/B.1.1/2020-10-06/GUAYAS	138102_S85	B.1.1	2020-10-06	GUAYAS
138117_S86/B.1.1/2020-10-06/GUAYAS	138117_S86	B.1.1	2020-10-06	GUAYAS
138152_S88/B.1.1/2020-10-06/BOLIVAR	138152_S88	B.1.1	2020-10-06	BOLIVAR
138159_S89/B.1.1/2020-10-06/LOS_RIOS	138159_S89	B.1.1	2020-10-06	LOS_RIOS
138367_S95/B.1.1/2020-10-07/GUAYAS	138367_S95	B.1.1	2020-10-07	GUAYAS
138426_S96/B.1.1/2020-10-07/CHIMBORAZO	138426_S96	B.1.1	2020-10-07	CHIMBORAZO
138541_S2/B.1.1/2020-10-07/GUAYAS	138541_S2	B.1.1	2020-10-07	GUAYAS
138571_S4/B.1.1/2020-10-06/MANABI	138571_S4	B.1.1	2020-10-06	MANABI
138580_S5/B.1.1/2020-10-07/MANABI	138580_S5	B.1.1	2020-10-07	MANABI
138593_S6/B.1.1/2020-10-07/MANABI	138593_S6	B.1.1	2020-10-07	MANABI
138718_S7/B.1.1/2020-10-07/LOS_RIOS	138718_S7	B.1.1	2020-10-07	LOS_RIOS
138728_S8/B.1.1/2020-10-07/LOS_RIOS	138728_S8	B.1.1	2020-10-07	LOS_RIOS
138734_S9/B.1.1/2020-10-07/GUAYAS	138734_S9	B.1.1	2020-10-07	GUAYAS
138761_S10/B.1.1/2020-10-06/MANABI	138761_S10	B.1.1	2020-10-06	MANABI
138878_S11/B.1.1/2020-10-07/GUAYAS	138878_S11	B.1.1	2020-10-07	GUAYAS
138906_S12/B.1.1/2020-10-06/SANTO_DOMINGO	138906_S12	B.1.1	2020-10-06	SANTO_DOMINGO
139191_S15/B.1.1/2020-10-07/EL_ORO	139191_S15	B.1.1	2020-10-07	EL_ORO
139193_S16/B.1.1/2020-10-07/EL_ORO	139193_S16	B.1.1	2020-10-07	EL_ORO
139219_S17/B.1.1/2020-10-07/MANABI	139219_S17	B.1.1	2020-10-07	MANABI
139235_S18/B.1.1/2020-10-08/MANABI	139235_S18	B.1.1	2020-10-08	MANABI
139281_S19/B.1.1/2020-10-07/GUAYAS	139281_S19	B.1.1	2020-10-07	GUAYAS
139318_S21/B.1.1/2020-10-05/CHIMBORAZO	139318_S21	B.1.1	2020-10-05	CHIMBORAZO
139327_S22/B.1.1/2020-10-06/CHIMBORAZO	139327_S22	B.1.1	2020-10-06	CHIMBORAZO
139333_S23/B.1.1/2020-10-07/CHIMBORAZO	139333_S23	B.1.1	2020-10-07	CHIMBORAZO
139369_S24/B.1.1/2020-10-08/GUAYAS	139369_S24	B.1.1	2020-10-08	GUAYAS
139419_S26/B.1.1/2020-10-08/SANTO_DOMINGO	139419_S26	B.1.1	2020-10-08	SANTO_DOMINGO
139532_S30/B.1.1/2020-10-07/LOS_RIOS	139532_S30	B.1.1	2020-10-07	LOS_RIOS
139559_S31/B.1.1/2020-10-08/GUAYAS	139559_S31	B.1.1	2020-10-08	GUAYAS
139719_S33/B.1.1/2020-10-09/SANTO_DOMINGO	139719_S33	B.1.1	2020-10-09	SANTO_DOMINGO
139747_S34/B.1.1/2020-10-12/MANABI	139747_S34	B.1.1	2020-10-12	MANABI
139843_S36/B.1.1/2020-10-07/MANABI	139843_S36	B.1.1	2020-10-07	MANABI
139895_S38/B.1.1/2020-10-12/GUAYAS	139895_S38	B.1.1	2020-10-12	GUAYAS
139939_S39/B.1.1/2020-10-12/GUAYAS	139939_S39	B.1.1	2020-10-12	GUAYAS
141_S86/B.1.1/2020-04-01/GUAYAS	141_S86	B.1.1	2020-04-01	GUAYAS
1437_S11/B.1.1/2020-03-20/GUAYAS	1437_S11	B.1.1	2020-03-20	GUAYAS
14_S7/B.1.1/2020-03-20/GUAYAS	14_S7	B.1.1	2020-03-20	GUAYAS
150023_S40/B.1.1/2020-10-30/GUAYAS	150023_S40	B.1.1	2020-10-30	GUAYAS
150031_S43/B.1.1/2020-10-29/MANABI	150031_S43	B.1.1	2020-10-29	MANABI
150051_S46/B.1.1/2020-10-30/MANABI	150051_S46	B.1.1	2020-10-30	MANABI
150084_S49/B.1.1/2020-10-30/MANABI	150084_S49	B.1.1	2020-10-30	MANABI
150086_S50/B.1.1/2020-10-31/MANABI	150086_S50	B.1.1	2020-10-31	MANABI
150117_S51/B.1.1/2020-10-30/MANABI	150117_S51	B.1.1	2020-10-30	MANABI
150120_S52/B.1.1/2020-10-30/MANABI	150120_S52	B.1.1	2020-10-30	MANABI
150180_S53/B.1.1/2020-10-31/GUAYAS	150180_S53	B.1.1	2020-10-31	GUAYAS
150203_S54/B.1.1/2020-10-31/MANABI	150203_S54	B.1.1	2020-10-31	MANABI
150205_S55/B.1.1/2020-10-31/MANABI	150205_S55	B.1.1	2020-10-31	MANABI
150206_S56/B.1.1/2020-10-31/MANABI	150206_S56	B.1.1	2020-10-31	MANABI
150209_S57/B.1.1/2020-10-31/MANABI	150209_S57	B.1.1	2020-10-31	MANABI
150213_S58/B.1.1/2020-10-29/GUAYAS	150213_S58	B.1.1	2020-10-29	GUAYAS
150219_S60/B.1.1/2020-10-29/MANABI	150219_S60	B.1.1	2020-10-29	MANABI
150229_S62/B.1.1/2020-10-30/MANABI	150229_S62	B.1.1	2020-10-30	MANABI
150240H8_S64/B.1.1/2020-10-31/SANTO_DOMINGO	150240H8_S64	B.1.1	2020-10-31	SANTO_DOMINGO
150240_S27/B.1.1/2020-10-31/SANTO_DOMINGO	150240_S27	B.1.1	2020-10-31	SANTO_DOMINGO
150273_S66/B.1.1/2020-11-02/GUAYAS	150273_S66	B.1.1	2020-11-02	GUAYAS
150287_S68/B.1.1/2020-11-02/MANABI	150287_S68	B.1.1	2020-11-02	MANABI
150308_S30/B.1.1/2020-11-01/SANTA_ELENA	150308_S30	B.1.1	2020-11-01	SANTA_ELENA
150320_S69/B.1.1/2020-11-01/SANTA_ELENA	150320_S69	B.1.1	2020-11-01	SANTA_ELENA
150349_S70/B.1.1/2020-11-03/GUAYAS	150349_S70	B.1.1	2020-11-03	GUAYAS
150390_S71/B.1.1/2020-11-04/GUAYAS	150390_S71	B.1.1	2020-11-04	GUAYAS
150484_S76/B.1.1/2020-11-04/GUAYAS	150484_S76	B.1.1	2020-11-04	GUAYAS
150486_S77/B.1.1/2020-11-04/GUAYAS	150486_S77	B.1.1	2020-11-04	GUAYAS
150661_S79/B.1.1/2020-11-02/GUAYAS	150661_S79	B.1.1	2020-11-02	GUAYAS
150671_S80/B.1.1/2020-11-03/GUAYAS	150671_S80	B.1.1	2020-11-03	GUAYAS
150728_S81/B.1.1/2020-11-04/BOLIVAR	150728_S81	B.1.1	2020-11-04	BOLIVAR
150768_S82/B.1.1/2020-11-04/GUAYAS	150768_S82	B.1.1	2020-11-04	GUAYAS
151178_S36/B.1.1/2020-11-04/MANABI	151178_S36	B.1.1	2020-11-04	MANABI
151319_S39/B.1.1/2020-11-04/GUAYAS	151319_S39	B.1.1	2020-11-04	GUAYAS
156183_S84/B.1.1/2020-11-13/MANABI	156183_S84	B.1.1	2020-11-13	MANABI
156354_S89/B.1.1/2020-11-13/GUAYAS	156354_S89	B.1.1	2020-11-13	GUAYAS
156493_S90/B.1.1/2020-11-14/SANTA_ELENA	156493_S90	B.1.1	2020-11-14	SANTA_ELENA
156494_S91/B.1.1/2020-11-14/GUAYAS	156494_S91	B.1.1	2020-11-14	GUAYAS
156656_S96/B.1.1/2020-11-15/GUAYAS	156656_S96	B.1.1	2020-11-15	GUAYAS
156714_S4/B.1.1/2020-11-15/CHIMBORAZO	156714_S4	B.1.1	2020-11-15	CHIMBORAZO
156715_S5/B.1.1/2020-11-15/CHIMBORAZO	156715_S5	B.1.1	2020-11-15	CHIMBORAZO
156752_S6/B.1.1/2020-11-16/EL_ORO	156752_S6	B.1.1	2020-11-16	EL_ORO
156758_S7/B.1.1/2020-11-16/EL_ORO	156758_S7	B.1.1	2020-11-16	EL_ORO
156813_S10/B.1.1/2020-11-16/GUAYAS	156813_S10	B.1.1	2020-11-16	GUAYAS
157783_S11/B.1.1/2020-11-18/GUAYAS	157783_S11	B.1.1	2020-11-18	GUAYAS
157841_S12/B.1.1/2020-11-16/MANABI	157841_S12	B.1.1	2020-11-16	MANABI
157847_S13/B.1.1/2020-11-16/PICHINCHA	157847_S13	B.1.1	2020-11-16	PICHINCHA
157880_S15/B.1.1/2020-11-18/MANABI	157880_S15	B.1.1	2020-11-18	MANABI
157884_S16/B.1.1/2020-11-18/MANABI	157884_S16	B.1.1	2020-11-18	MANABI
157887_S17/B.1.1/2020-11-18/MANABI	157887_S17	B.1.1	2020-11-18	MANABI
157893_S18/B.1.1/2020-11-18/MANABI	157893_S18	B.1.1	2020-11-18	MANABI
157894_S19/B.1.1/2020-11-18/MANABI	157894_S19	B.1.1	2020-11-18	MANABI
157895_S20/B.1.1/2020-11-18/MANABI	157895_S20	B.1.1	2020-11-18	MANABI
157896_S21/B.1.1/2020-11-18/MANABI	157896_S21	B.1.1	2020-11-18	MANABI
157920_S22/B.1.1/2020-11-16/MANABI	157920_S22	B.1.1	2020-11-16	MANABI
157940_S23/B.1.1/2020-11-17/SANTA_ELENA	157940_S23	B.1.1	2020-11-17	SANTA_ELENA
157942_S25/B.1.1/2020-11-16/SANTA_ELENA	157942_S25	B.1.1	2020-11-16	SANTA_ELENA
159_S2/B.1.1/2020-04-29/MANABI	159_S2	B.1.1	2020-04-29	MANABI
15_S8/B.1.1/2020-03-20/GUAYAS	15_S8	B.1.1	2020-03-20	GUAYAS
160561_S55/B.1.1/2020-11-23/CHIMBORAZO	160561_S55	B.1.1	2020-11-23	CHIMBORAZO
1667_S10/B.1.1/2020-03-20/GUAYAS	1667_S10	B.1.1	2020-03-20	GUAYAS
171415_S43/B.1.1/2020-12-18/GUAYAS	171415_S43	B.1.1	2020-12-18	GUAYAS
171448_S31/B.1.1/2020-12-17/MANABI	171448_S31	B.1.1	2020-12-17	MANABI
171456_S56/B.1.1/2020-12-17/EL_ORO	171456_S56	B.1.1	2020-12-17	EL_ORO
171466_S49/B.1.1/2020-12-17/MANABI	171466_S49	B.1.1	2020-12-17	MANABI
171470_S46/B.1.1/2020-12-17/MANABI	171470_S46	B.1.1	2020-12-17	MANABI
171496_S44/B.1.1/2020-12-17/MANABI	171496_S44	B.1.1	2020-12-17	MANABI
171497_S41/B.1.1/2020-12-16/MANABI	171497_S41	B.1.1	2020-12-16	MANABI
171503_S38/B.1.1/2020-12-16/MANABI	171503_S38	B.1.1	2020-12-16	MANABI
171521_S35/B.1.1/2020-12-17/EL_ORO	171521_S35	B.1.1	2020-12-17	EL_ORO
171524_S32/B.1.1/2020-12-17/EL_ORO	171524_S32	B.1.1	2020-12-17	EL_ORO
171534_S58/B.1.1/2020-12-17/EL_ORO	171534_S58	B.1.1	2020-12-17	EL_ORO
173398_S17/B.1.1/2020-12-22/CHIMBORAZO	173398_S17	B.1.1	2020-12-22	CHIMBORAZO
173417_S19/B.1.1/2020-12-23/EL_ORO	173417_S19	B.1.1	2020-12-23	EL_ORO
173440_S21/B.1.1/2020-12-22/PICHINCHA	173440_S21	B.1.1	2020-12-22	PICHINCHA
173501_S22/B.1.1/2020-12-22/CHIMBORAZO	173501_S22	B.1.1	2020-12-22	CHIMBORAZO
173525_S24/B.1.1/2020-12-22/BOLIVAR	173525_S24	B.1.1	2020-12-22	BOLIVAR
173668_S12/B.1.1/2020-12-23/EL_ORO	173668_S12	B.1.1	2020-12-23	EL_ORO
173675_S13/B.1.1/2020-12-23/EL_ORO	173675_S13	B.1.1	2020-12-23	EL_ORO
173687_S15/B.1.1/2020-12-23/EL_ORO	173687_S15	B.1.1	2020-12-23	EL_ORO
173688_S16/B.1.1/2020-12-23/EL_ORO	173688_S16	B.1.1	2020-12-23	EL_ORO
173689_S77/B.1.1/2020-12-23/EL_ORO	173689_S77	B.1.1	2020-12-23	EL_ORO
173720_S95/B.1.1/2020-12-23/EL_ORO	173720_S95	B.1.1	2020-12-23	EL_ORO
173753_S1/B.1.1/2020-12-23/LOS_RIOS	173753_S1	B.1.1	2020-12-23	LOS_RIOS
173760_S2/B.1.1/2020-12-23/EL_ORO	173760_S2	B.1.1	2020-12-23	EL_ORO
173766_S3/B.1.1/2020-12-23/EL_ORO	173766_S3	B.1.1	2020-12-23	EL_ORO
173860_S94/B.1.1/2020-12-21/ZAMORA_CHINCHIPE	173860_S94	B.1.1	2020-12-21	ZAMORA_CHINCHIPE
173863_S78/B.1.1/2020-12-21/ZAMORA_CHINCHIPE	173863_S78	B.1.1	2020-12-21	ZAMORA_CHINCHIPE
173865_S79/B.1.1/2020-12-21/ZAMORA_CHINCHIPE	173865_S79	B.1.1	2020-12-21	ZAMORA_CHINCHIPE
173866_S80/B.1.1/2020-12-21/ZAMORA_CHINCHIPE	173866_S80	B.1.1	2020-12-21	ZAMORA_CHINCHIPE
173867_S81/B.1.1/2020-12-21/ZAMORA_CHINCHIPE	173867_S81	B.1.1	2020-12-21	ZAMORA_CHINCHIPE
173895_S83/B.1.1/2020-12-22/LOJA	173895_S83	B.1.1	2020-12-22	LOJA
173905_S84/B.1.1/2020-12-22/LOJA	173905_S84	B.1.1	2020-12-22	LOJA
173994_S72/B.1.1/2020-12-23/SANTA_ELENA	173994_S72	B.1.1	2020-12-23	SANTA_ELENA
174059_S75/B.1.1/2020-12-23/GUAYAS	174059_S75	B.1.1	2020-12-23	GUAYAS
174079_S76/B.1.1/2020-12-23/GUAYAS	174079_S76	B.1.1	2020-12-23	GUAYAS
174091_S58/B.1.1/2020-12-24/GUAYAS	174091_S58	B.1.1	2020-12-24	GUAYAS
174097_S60/B.1.1/2020-12-22/MANABI	174097_S60	B.1.1	2020-12-22	MANABI
174104_S61/B.1.1/2020-12-23/MANABI	174104_S61	B.1.1	2020-12-23	MANABI
174105_S62/B.1.1/2020-12-23/MANABI	174105_S62	B.1.1	2020-12-23	MANABI
174106_S63/B.1.1/2020-12-23/MANABI	174106_S63	B.1.1	2020-12-23	MANABI
174107_S64/B.1.1/2020-12-23/MANABI	174107_S64	B.1.1	2020-12-23	MANABI
174108_S65/B.1.1/2020-12-23/MANABI	174108_S65	B.1.1	2020-12-23	MANABI
174112_S66/B.1.1/2020-12-23/MANABI	174112_S66	B.1.1	2020-12-23	MANABI
174118_S47/B.1.1/2020-12-22/MANABI	174118_S47	B.1.1	2020-12-22	MANABI
174120_S49/B.1.1/2020-12-22/MANABI	174120_S49	B.1.1	2020-12-22	MANABI
174125_S50/B.1.1/2020-12-23/MANABI	174125_S50	B.1.1	2020-12-23	MANABI
174150_S52/B.1.1/2020-12-23/MANABI	174150_S52	B.1.1	2020-12-23	MANABI
174152_S53/B.1.1/2020-12-23/MANABI	174152_S53	B.1.1	2020-12-23	MANABI
174177_S55/B.1.1/2020-12-23/SANTA_ELENA	174177_S55	B.1.1	2020-12-23	SANTA_ELENA
174182_S37/B.1.1/2020-12-23/SANTA_ELENA	174182_S37	B.1.1	2020-12-23	SANTA_ELENA
174192G5_S39/B.1.1/2020-12-24/GUAYAS	174192G5_S39	B.1.1	2020-12-24	GUAYAS
174195_S42/B.1.1/2020-12-24/GUAYAS	174195_S42	B.1.1	2020-12-24	GUAYAS
174201_S44/B.1.1/2020-12-23/GUAYAS	174201_S44	B.1.1	2020-12-23	GUAYAS
174203_S45/B.1.1/2020-12-23/GUAYAS	174203_S45	B.1.1	2020-12-23	GUAYAS
174204_S46/B.1.1/2020-12-23/GUAYAS	174204_S46	B.1.1	2020-12-23	GUAYAS
175_S5/B.1.1/2020-05-07/LOS_RIOS	175_S5	B.1.1	2020-05-07	LOS_RIOS
176_S6/B.1.1/2020-05-08/LOS_RIOS	176_S6	B.1.1	2020-05-08	LOS_RIOS
187_S15/B.1.1/2020-05-08/MANABI	187_S15	B.1.1	2020-05-08	MANABI
1_S1/B.1.1/2020-03-18/GUAYAS	1_S1	B.1.1	2020-03-18	GUAYAS
200_S22/B.1.1/2020-05-08/LOS_RIOS	200_S22	B.1.1	2020-05-08	LOS_RIOS
205_S25/B.1.1/2020-05-09/LOS_RIOS	205_S25	B.1.1	2020-05-09	LOS_RIOS
206_S26/B.1.1/2020-05-07/MANABI	206_S26	B.1.1	2020-05-07	MANABI
208_S28/B.1.1/2020-05-07/MANABI	208_S28	B.1.1	2020-05-07	MANABI
209_S29/B.1.1/2020-05-09/LOS_RIOS	209_S29	B.1.1	2020-05-09	LOS_RIOS
210_S30/B.1.1/2020-05-09/LOS_RIOS	210_S30	B.1.1	2020-05-09	LOS_RIOS
213_S32/B.1.1/2020-05-15/SANTA_ELENA	213_S32	B.1.1	2020-05-15	SANTA_ELENA
214_S33/B.1.1/2020-05-17/GUAYAS	214_S33	B.1.1	2020-05-17	GUAYAS
222_S35/B.1.1/2020-05-17/SANTA_ELENA	222_S35	B.1.1	2020-05-17	SANTA_ELENA
22_S14/B.1.1/2020-03-20/GUAYAS	22_S14	B.1.1	2020-03-20	GUAYAS
232_S36/B.1.1/2020-05-20/LOS_RIOS	232_S36	B.1.1	2020-05-20	LOS_RIOS
23358_S38/B.1.1/2020-04-23/LOS_RIOS	23358_S38	B.1.1	2020-04-23	LOS_RIOS
237_S37/B.1.1/2020-05-21/LOS_RIOS	237_S37	B.1.1	2020-05-21	LOS_RIOS
241_S40/B.1.1/2020-05-22/LOS_RIOS	241_S40	B.1.1	2020-05-22	LOS_RIOS
2451_S13/B.1.1/2020-03-23/GUAYAS	2451_S13	B.1.1	2020-03-23	GUAYAS
2454_S1/B.1.1/2020-03-23/GUAYAS	2454_S1	B.1.1	2020-03-23	GUAYAS
2463_S2/B.1.1/2020-03-23/GUAYAS	2463_S2	B.1.1	2020-03-23	GUAYAS
2468_S3/B.1.1/2020-03-23/GUAYAS	2468_S3	B.1.1	2020-03-23	GUAYAS
2476_S4/B.1.1/2020-03-23/GUAYAS	2476_S4	B.1.1	2020-03-23	GUAYAS
2490_S5/B.1.1/2020-03-23/GUAYAS	2490_S5	B.1.1	2020-03-23	GUAYAS
2492_S6/B.1.1/2020-03-23/GUAYAS	2492_S6	B.1.1	2020-03-23	GUAYAS
2495_S7/B.1.1/2020-03-16/GUAYAS	2495_S7	B.1.1	2020-03-16	GUAYAS
2498_S8/B.1.1/2020-03-23/GUAYAS	2498_S8	B.1.1	2020-03-23	GUAYAS
2514_S9/B.1.1/2020-03-23/GUAYAS	2514_S9	B.1.1	2020-03-23	GUAYAS
2520_S10/B.1.1/2020-03-23/GUAYAS	2520_S10	B.1.1	2020-03-23	GUAYAS
257_S43/B.1.1/2020-05-31/GUAYAS	257_S43	B.1.1	2020-05-31	GUAYAS
2640_S12/B.1.1/2020-03-25/GUAYAS	2640_S12	B.1.1	2020-03-25	GUAYAS
2641_S13/B.1.1/2020-03-25/GUAYAS	2641_S13	B.1.1	2020-03-25	GUAYAS
2650_S14/B.1.1/2020-03-25/GUAYAS	2650_S14	B.1.1	2020-03-25	GUAYAS
2651_S15/B.1.1/2020-03-25/GUAYAS	2651_S15	B.1.1	2020-03-25	GUAYAS
266_S44/B.1.1/2020-05-30/SANTA_ELENA	266_S44	B.1.1	2020-05-30	SANTA_ELENA
2670_S18/B.1.1/2020-03-23/GUAYAS	2670_S18	B.1.1	2020-03-23	GUAYAS
2673_S20/B.1.1/2020-03-23/CANAR	2673_S20	B.1.1	2020-03-23	CANAR
2675_S21/B.1.1/2020-03-23/GUAYAS	2675_S21	B.1.1	2020-03-23	GUAYAS
2684_S22/B.1.1/2020-03-23/GUAYAS	2684_S22	B.1.1	2020-03-23	GUAYAS
2688_S23/B.1.1/2020-03-23/GUAYAS	2688_S23	B.1.1	2020-03-23	GUAYAS
2692_S24/B.1.1/2020-03-23/GUAYAS	2692_S24	B.1.1	2020-03-23	GUAYAS
2694_S25/B.1.1/2020-03-23/GUAYAS	2694_S25	B.1.1	2020-03-23	GUAYAS
2696_S26/B.1.1/2020-03-23/GUAYAS	2696_S26	B.1.1	2020-03-23	GUAYAS
2700_S27/B.1.1/2020-03-23/GUAYAS	2700_S27	B.1.1	2020-03-23	GUAYAS
2704_S28/B.1.1/2020-03-23/GUAYAS	2704_S28	B.1.1	2020-03-23	GUAYAS
27_S17/B.1.1/2020-03-20/GUAYAS	27_S17	B.1.1	2020-03-20	GUAYAS
281_S48/B.1.1/2020-06-01/MANABI	281_S48	B.1.1	2020-06-01	MANABI
28826_S39/B.1.1/2020-04-30/GUAYAS	28826_S39	B.1.1	2020-04-30	GUAYAS
28827_S40/B.1.1/2020-04-30/GUAYAS	28827_S40	B.1.1	2020-04-30	GUAYAS
28908_S45/B.1.1/2020-04-30/GUAYAS	28908_S45	B.1.1	2020-04-30	GUAYAS
28920_S46/B.1.1/2020-04-29/MANABI	28920_S46	B.1.1	2020-04-29	MANABI
2911_S30/B.1.1/2020-03-24/GUAYAS	2911_S30	B.1.1	2020-03-24	GUAYAS
2912_S31/B.1.1/2020-03-24/GUAYAS	2912_S31	B.1.1	2020-03-24	GUAYAS
2913_S32/B.1.1/2020-03-24/GUAYAS	2913_S32	B.1.1	2020-03-24	GUAYAS
2918_S34/B.1.1/2020-03-24/GUAYAS	2918_S34	B.1.1	2020-03-24	GUAYAS
2922_S35/B.1.1/2020-03-24/GUAYAS	2922_S35	B.1.1	2020-03-24	GUAYAS
2926_S36/B.1.1/2020-03-26/GUAYAS	2926_S36	B.1.1	2020-03-26	GUAYAS
2930_S37/B.1.1/2020-03-24/GUAYAS	2930_S37	B.1.1	2020-03-24	GUAYAS
2931_S38/B.1.1/2020-03-25/GUAYAS	2931_S38	B.1.1	2020-03-25	GUAYAS
2935_S39/B.1.1/2020-03-23/GUAYAS	2935_S39	B.1.1	2020-03-23	GUAYAS
2940_S40/B.1.1/2020-03-25/GUAYAS	2940_S40	B.1.1	2020-03-25	GUAYAS
2943_S42/B.1.1/2020-03-24/GUAYAS	2943_S42	B.1.1	2020-03-24	GUAYAS
2944_S43/B.1.1/2020-03-24/GUAYAS	2944_S43	B.1.1	2020-03-24	GUAYAS
2945_S44/B.1.1/2020-03-24/GUAYAS	2945_S44	B.1.1	2020-03-24	GUAYAS
2948_S45/B.1.1/2020-03-24/GUAYAS	2948_S45	B.1.1	2020-03-24	GUAYAS
2949_S46/B.1.1/2020-03-24/GUAYAS	2949_S46	B.1.1	2020-03-24	GUAYAS
2954_S48/B.1.1/2020-03-24/SANTA_ELENA	2954_S48	B.1.1	2020-03-24	SANTA_ELENA
2955_S49/B.1.1/2020-03-24/BOLIVAR	2955_S49	B.1.1	2020-03-24	BOLIVAR
2995_S50/B.1.1/2020-03-24/GUAYAS	2995_S50	B.1.1	2020-03-24	GUAYAS
29_S19/B.1.1/2020-03-21/GUAYAS	29_S19	B.1.1	2020-03-21	GUAYAS
30045_S49/B.1.1/2020-04-28/MANABI	30045_S49	B.1.1	2020-04-28	MANABI
3006_S51/B.1.1/2020-03-24/GUAYAS	3006_S51	B.1.1	2020-03-24	GUAYAS
3007_S52/B.1.1/2020-03-23/GUAYAS	3007_S52	B.1.1	2020-03-23	GUAYAS
3008_S53/B.1.1/2020-03-24/GUAYAS	3008_S53	B.1.1	2020-03-24	GUAYAS
300_S55/B.1.1/2020-06-02/GUAYAS	300_S55	B.1.1	2020-06-02	GUAYAS
30129_S51/B.1.1/2020-05-01/GUAYAS	30129_S51	B.1.1	2020-05-01	GUAYAS
3029_S54/B.1.1/2020-03-24/GUAYAS	3029_S54	B.1.1	2020-03-24	GUAYAS
3030_S55/B.1.1/2020-03-24/GUAYAS	3030_S55	B.1.1	2020-03-24	GUAYAS
3032_S56/B.1.1/2020-03-24/GUAYAS	3032_S56	B.1.1	2020-03-24	GUAYAS
3043_S59/B.1.1/2020-03-24/GUAYAS	3043_S59	B.1.1	2020-03-24	GUAYAS
3045_S60/B.1.1/2020-03-25/GUAYAS	3045_S60	B.1.1	2020-03-25	GUAYAS
3048_S61/B.1.1/2020-03-24/GUAYAS	3048_S61	B.1.1	2020-03-24	GUAYAS
304_S56/B.1.1/2020-06-03/LOS_RIOS	304_S56	B.1.1	2020-06-03	LOS_RIOS
3050_S63/B.1.1/2020-03-24/GUAYAS	3050_S63	B.1.1	2020-03-24	GUAYAS
3053_S64/B.1.1/2020-03-24/GUAYAS	3053_S64	B.1.1	2020-03-24	GUAYAS
3054_S65/B.1.1/2020-03-24/GUAYAS	3054_S65	B.1.1	2020-03-24	GUAYAS
3056_S66/B.1.1/2020-03-24/GUAYAS	3056_S66	B.1.1	2020-03-24	GUAYAS
3066_S67/B.1.1/2020-03-25/GUAYAS	3066_S67	B.1.1	2020-03-25	GUAYAS
3067_S68/B.1.1/2020-03-25/GUAYAS	3067_S68	B.1.1	2020-03-25	GUAYAS
3070_S69/B.1.1/2020-03-25/GUAYAS	3070_S69	B.1.1	2020-03-25	GUAYAS
3127_S12/B.1.1/2020-03-25/GUAYAS	3127_S12	B.1.1	2020-03-25	GUAYAS
315_S57/B.1.1/2020-06-04/MANABI	315_S57	B.1.1	2020-06-04	MANABI
334_S70/B.1.1/2020-06-29/MANABI	334_S70	B.1.1	2020-06-29	MANABI
335_S71/B.1.1/2020-06-30/BOLIVAR	335_S71	B.1.1	2020-06-30	BOLIVAR
33_S22/B.1.1/2020-03-25/GUAYAS	33_S22	B.1.1	2020-03-25	GUAYAS
340_S74/B.1.1/2020-06-29/BOLIVAR	340_S74	B.1.1	2020-06-29	BOLIVAR
341_S75/B.1.1/2020-06-29/BOLIVAR	341_S75	B.1.1	2020-06-29	BOLIVAR
342_S76/B.1.1/2020-06-24/BOLIVAR	342_S76	B.1.1	2020-06-24	BOLIVAR
347_S79/B.1.1/2020-07-01/SANTO_DOMINGO	347_S79	B.1.1	2020-07-01	SANTO_DOMINGO
348_S80/B.1.1/2020-07-01/SANTO_DOMINGO	348_S80	B.1.1	2020-07-01	SANTO_DOMINGO
349_S81/B.1.1/2020-07-01/SANTO_DOMINGO	349_S81	B.1.1	2020-07-01	SANTO_DOMINGO
351_S82/B.1.1/2020-07-01/SANTO_DOMINGO	351_S82	B.1.1	2020-07-01	SANTO_DOMINGO
355_S85/B.1.1/2020-07-01/SANTO_DOMINGO	355_S85	B.1.1	2020-07-01	SANTO_DOMINGO
358_S88/B.1.1/2020-07-02/CHIMBORAZO	358_S88	B.1.1	2020-07-02	CHIMBORAZO
359_S89/B.1.1/2020-07-01/MANABI	359_S89	B.1.1	2020-07-01	MANABI
36050_S56/B.1.1/2020-05-07/SANTA_ELENA	36050_S56	B.1.1	2020-05-07	SANTA_ELENA
36055_S57/B.1.1/2020-05-08/SANTA_ELENA	36055_S57	B.1.1	2020-05-08	SANTA_ELENA
36130_S60/B.1.1/2020-05-07/MANABI	36130_S60	B.1.1	2020-05-07	MANABI
36161_S62/B.1.1/2020-05-08/MANABI	36161_S62	B.1.1	2020-05-08	MANABI
36224_S66/B.1.1/2020-05-08/BOLIVAR	36224_S66	B.1.1	2020-05-08	BOLIVAR
36226_S67/B.1.1/2020-05-08/LOS_RIOS	36226_S67	B.1.1	2020-05-08	LOS_RIOS
36235_S69/B.1.1/2020-05-09/LOS_RIOS	36235_S69	B.1.1	2020-05-09	LOS_RIOS
36250_S70/B.1.1/2020-05-06/MANABI	36250_S70	B.1.1	2020-05-06	MANABI
36337_S71/B.1.1/2020-05-07/MANABI	36337_S71	B.1.1	2020-05-07	MANABI
36812_S73/B.1.1/2020-05-09/MANABI	36812_S73	B.1.1	2020-05-09	MANABI
36818_S74/B.1.1/2020-05-04/MANABI	36818_S74	B.1.1	2020-05-04	MANABI
36864_S75/B.1.1/2020-05-07/GUAYAS	36864_S75	B.1.1	2020-05-07	GUAYAS
36923_S76/B.1.1/2020-05-09/MANABI	36923_S76	B.1.1	2020-05-09	MANABI
369_S91/B.1.1/2020-07-02/SANTO_DOMINGO	369_S91	B.1.1	2020-07-02	SANTO_DOMINGO
376_S6/B.1.1/2020-07-02/SANTO_DOMINGO	376_S6	B.1.1	2020-07-02	SANTO_DOMINGO
381_S10/B.1.1/2020-07-01/BOLIVAR	381_S10	B.1.1	2020-07-01	BOLIVAR
3871_S14/B.1.1/2020-03-26/GUAYAS	3871_S14	B.1.1	2020-03-26	GUAYAS
406_S18/B.1.1/2020-07-31/LOJA	406_S18	B.1.1	2020-07-31	LOJA
408_S20/B.1.1/2020-07-31/LOJA	408_S20	B.1.1	2020-07-31	LOJA
409_S21/B.1.1/2020-07-30/MANABI	409_S21	B.1.1	2020-07-30	MANABI
411_S22/B.1.1/2020-07-31/MANABI	411_S22	B.1.1	2020-07-31	MANABI
413_S24/B.1.1/2020-07-31/MANABI	413_S24	B.1.1	2020-07-31	MANABI
418_S26/B.1.1/2020-07-31/MANABI	418_S26	B.1.1	2020-07-31	MANABI
420_S28/B.1.1/2020-07-31/MANABI	420_S28	B.1.1	2020-07-31	MANABI
428_S32/B.1.1/2020-07-31/MANABI	428_S32	B.1.1	2020-07-31	MANABI
435_S34/B.1.1/2020-07-29/ESMERALDAS	435_S34	B.1.1	2020-07-29	ESMERALDAS
43_S27/B.1.1/2020-03-21/GUAYAS	43_S27	B.1.1	2020-03-21	GUAYAS
448_S38/B.1.1/2020-07-31/ESMERALDAS	448_S38	B.1.1	2020-07-31	ESMERALDAS
449_S39/B.1.1/2020-07-31/ESMERALDAS	449_S39	B.1.1	2020-07-31	ESMERALDAS
44_S28/B.1.1/2020-03-21/GUAYAS	44_S28	B.1.1	2020-03-21	GUAYAS
451_S40/B.1.1/2020-07-31/ESMERALDAS	451_S40	B.1.1	2020-07-31	ESMERALDAS
457_S44/B.1.1/2020-07-31/ESMERALDAS	457_S44	B.1.1	2020-07-31	ESMERALDAS
459_S45/B.1.1/2020-07-31/SANTO_DOMINGO	459_S45	B.1.1	2020-07-31	SANTO_DOMINGO
46_S29/B.1.1/2020-03-21/GUAYAS	46_S29	B.1.1	2020-03-21	GUAYAS
47_S30/B.1.1/2020-03-21/GUAYAS	47_S30	B.1.1	2020-03-21	GUAYAS
50_S33/B.1.1/2020-03-21/GUAYAS	50_S33	B.1.1	2020-03-21	GUAYAS
51_S34/B.1.1/2020-03-21/GUAYAS	51_S34	B.1.1	2020-03-21	GUAYAS
52201_S31/B.1.1/2020-05-31/GUAYAS	52201_S31	B.1.1	2020-05-31	GUAYAS
6007_S70/B.1.1/2020-04-07/GUAYAS	6007_S70	B.1.1	2020-04-07	GUAYAS
6008_S71/B.1.1/2020-04-07/GUAYAS	6008_S71	B.1.1	2020-04-07	GUAYAS
6018_S73/B.1.1/2020-03-31/GUAYAS	6018_S73	B.1.1	2020-03-31	GUAYAS
6021_S74/B.1.1/2020-03-31/GUAYAS	6021_S74	B.1.1	2020-03-31	GUAYAS
6024_S75/B.1.1/2020-03-31/GUAYAS	6024_S75	B.1.1	2020-03-31	GUAYAS
6029_S76/B.1.1/2020-03-31/GUAYAS	6029_S76	B.1.1	2020-03-31	GUAYAS
6030_S77/B.1.1/2020-03-31/GUAYAS	6030_S77	B.1.1	2020-03-31	GUAYAS
6034_S78/B.1.1/2020-03-31/GUAYAS	6034_S78	B.1.1	2020-03-31	GUAYAS
6037_S79/B.1.1/2020-03-31/GUAYAS	6037_S79	B.1.1	2020-03-31	GUAYAS
6038_S80/B.1.1/2020-03-31/GUAYAS	6038_S80	B.1.1	2020-03-31	GUAYAS
6045_S81/B.1.1/2020-03-31/GUAYAS	6045_S81	B.1.1	2020-03-31	GUAYAS
6059_S82/B.1.1/2020-03-31/GUAYAS	6059_S82	B.1.1	2020-03-31	GUAYAS
6061_S83/B.1.1/2020-03-31/GUAYAS	6061_S83	B.1.1	2020-03-31	GUAYAS
6062_S84/B.1.1/2020-03-31/GUAYAS	6062_S84	B.1.1	2020-03-31	GUAYAS
6063_S85/B.1.1/2020-03-31/GUAYAS	6063_S85	B.1.1	2020-03-31	GUAYAS
6072_S86/B.1.1/2020-03-31/GUAYAS	6072_S86	B.1.1	2020-03-31	GUAYAS
6074_S87/B.1.1/2020-03-31/GUAYAS	6074_S87	B.1.1	2020-03-31	GUAYAS
6091_S88/B.1.1/2020-03-31/GUAYAS	6091_S88	B.1.1	2020-03-31	GUAYAS
6093_S1/B.1.1/2020-03-31/GUAYAS	6093_S1	B.1.1	2020-03-31	GUAYAS
6095_S2/B.1.1/2020-03-31/GUAYAS	6095_S2	B.1.1	2020-03-31	GUAYAS
6155_S3/B.1.1/2020-03-31/GUAYAS	6155_S3	B.1.1	2020-03-31	GUAYAS
6158_S4/B.1.1/2020-04-07/GUAYAS	6158_S4	B.1.1	2020-04-07	GUAYAS
6161_S5/B.1.1/2020-03-31/GUAYAS	6161_S5	B.1.1	2020-03-31	GUAYAS
6167_S6/B.1.1/2020-03-28/GUAYAS	6167_S6	B.1.1	2020-03-28	GUAYAS
6170_S7/B.1.1/2020-03-31/GUAYAS	6170_S7	B.1.1	2020-03-31	GUAYAS
6171_S8/B.1.1/2020-03-29/GUAYAS	6171_S8	B.1.1	2020-03-29	GUAYAS
6176_S11/B.1.1/2020-03-31/GUAYAS	6176_S11	B.1.1	2020-03-31	GUAYAS
6181_S12/B.1.1/2020-04-08/GUAYAS	6181_S12	B.1.1	2020-04-08	GUAYAS
6182_S13/B.1.1/2020-04-08/GUAYAS	6182_S13	B.1.1	2020-04-08	GUAYAS
6184_S14/B.1.1/2020-04-08/GUAYAS	6184_S14	B.1.1	2020-04-08	GUAYAS
6188_S15/B.1.1/2020-04-08/GUAYAS	6188_S15	B.1.1	2020-04-08	GUAYAS
6189_S16/B.1.1/2020-04-08/GUAYAS	6189_S16	B.1.1	2020-04-08	GUAYAS
6190_S17/B.1.1/2020-04-08/GUAYAS	6190_S17	B.1.1	2020-04-08	GUAYAS
6200_S18/B.1.1/2020-04-08/GUAYAS	6200_S18	B.1.1	2020-04-08	GUAYAS
6208_S19/B.1.1/2020-03-31/GUAYAS	6208_S19	B.1.1	2020-03-31	GUAYAS
6212_S20/B.1.1/2020-03-31/GUAYAS	6212_S20	B.1.1	2020-03-31	GUAYAS
63909_S81/B.1.1/2020-06-22/SANTA_ELENA	63909_S81	B.1.1	2020-06-22	SANTA_ELENA
63_S41/B.1.1/2020-03-21/GUAYAS	63_S41	B.1.1	2020-03-21	GUAYAS
6510_S24/B.1.1/2020-04-01/GUAYAS	6510_S24	B.1.1	2020-04-01	GUAYAS
6513_S18/B.1.1/2020-04-01/GUAYAS	6513_S18	B.1.1	2020-04-01	GUAYAS
65191_S86/B.1.1/2020-06-22/MANABI	65191_S86	B.1.1	2020-06-22	MANABI
65196_S87/B.1.1/2020-06-22/MANABI	65196_S87	B.1.1	2020-06-22	MANABI
65213_S1/B.1.1/2020-06-23/MANABI	65213_S1	B.1.1	2020-06-23	MANABI
65215_S2/B.1.1/2020-06-23/MANABI	65215_S2	B.1.1	2020-06-23	MANABI
65258_S5/B.1.1/2020-06-23/MANABI	65258_S5	B.1.1	2020-06-23	MANABI
65259_S6/B.1.1/2020-06-23/MANABI	65259_S6	B.1.1	2020-06-23	MANABI
65263_S7/B.1.1/2020-06-23/MANABI	65263_S7	B.1.1	2020-06-23	MANABI
65266_S8/B.1.1/2020-06-23/MANABI	65266_S8	B.1.1	2020-06-23	MANABI
65274_S9/B.1.1/2020-06-23/MANABI	65274_S9	B.1.1	2020-06-23	MANABI
65276_S10/B.1.1/2020-06-24/MANABI	65276_S10	B.1.1	2020-06-24	MANABI
6548_S25/B.1.1/2020-03-31/GUAYAS	6548_S25	B.1.1	2020-03-31	GUAYAS
6662_S16/B.1.1/2020-04-01/GUAYAS	6662_S16	B.1.1	2020-04-01	GUAYAS
67492_S28/B.1.1/2020-06-23/ESMERALDAS	67492_S28	B.1.1	2020-06-23	ESMERALDAS
67764_S12/B.1.1/2020-06-25/ESMERALDAS	67764_S12	B.1.1	2020-06-25	ESMERALDAS
68457_S16/B.1.1/2020-06-27/SANTO_DOMINGO	68457_S16	B.1.1	2020-06-27	SANTO_DOMINGO
68463_S17/B.1.1/2020-06-27/SANTO_DOMINGO	68463_S17	B.1.1	2020-06-27	SANTO_DOMINGO
68494_S26/B.1.1/2020-06-27/SANTO_DOMINGO	68494_S26	B.1.1	2020-06-27	SANTO_DOMINGO
68511_S29/B.1.1/2020-06-25/MANABI	68511_S29	B.1.1	2020-06-25	MANABI
69037_S30/B.1.1/2020-06-29/GUAYAS	69037_S30	B.1.1	2020-06-29	GUAYAS
69538_S35/B.1.1/2020-06-26/MANABI	69538_S35	B.1.1	2020-06-26	MANABI
69730_S36/B.1.1/2020-06-28/SANTA_ELENA	69730_S36	B.1.1	2020-06-28	SANTA_ELENA
69732_S38/B.1.1/2020-06-28/SANTA_ELENA	69732_S38	B.1.1	2020-06-28	SANTA_ELENA
69733_S39/B.1.1/2020-06-27/GUAYAS	69733_S39	B.1.1	2020-06-27	GUAYAS
70579_S42/B.1.1/2020-06-26/ESMERALDAS	70579_S42	B.1.1	2020-06-26	ESMERALDAS
70585_S43/B.1.1/2020-06-26/ESMERALDAS	70585_S43	B.1.1	2020-06-26	ESMERALDAS
71_S48/B.1.1/2020-03-24/GUAYAS	71_S48	B.1.1	2020-03-24	GUAYAS
72563_S50/B.1.1/2020-07-01/CHIMBORAZO	72563_S50	B.1.1	2020-07-01	CHIMBORAZO
72621_S56/B.1.1/2020-07-01/MANABI	72621_S56	B.1.1	2020-07-01	MANABI
72912_S61/B.1.1/2020-07-03/LOS_RIOS	72912_S61	B.1.1	2020-07-03	LOS_RIOS
72913_S62/B.1.1/2020-07-03/LOS_RIOS	72913_S62	B.1.1	2020-07-03	LOS_RIOS
72933_S64/B.1.1/2020-07-03/SANTO_DOMINGO	72933_S64	B.1.1	2020-07-03	SANTO_DOMINGO
73954_S73/B.1.1/2020-07-03/MANABI	73954_S73	B.1.1	2020-07-03	MANABI
73995_S77/B.1.1/2020-07-06/MANABI	73995_S77	B.1.1	2020-07-06	MANABI
73996_S78/B.1.1/2020-07-06/MANABI	73996_S78	B.1.1	2020-07-06	MANABI
77420_S80/B.1.1/2020-07-07/LOJA	77420_S80	B.1.1	2020-07-07	LOJA
8663_S27/B.1.1/2020-04-04/GUAYAS	8663_S27	B.1.1	2020-04-04	GUAYAS
8667_S29/B.1.1/2020-04-04/GUAYAS	8667_S29	B.1.1	2020-04-04	GUAYAS
8671_S30/B.1.1/2020-04-05/GUAYAS	8671_S30	B.1.1	2020-04-05	GUAYAS
8672_S31/B.1.1/2020-04-05/GUAYAS	8672_S31	B.1.1	2020-04-05	GUAYAS
8689_S32/B.1.1/2020-04-04/GUAYAS	8689_S32	B.1.1	2020-04-04	GUAYAS
8710_S33/B.1.1/2020-04-05/GUAYAS	8710_S33	B.1.1	2020-04-05	GUAYAS
8727_S34/B.1.1/2020-04-05/GUAYAS	8727_S34	B.1.1	2020-04-05	GUAYAS
8729_S35/B.1.1/2020-04-05/GUAYAS	8729_S35	B.1.1	2020-04-05	GUAYAS
96_S68/B.1.1/2020-03-30/GUAYAS	96_S68	B.1.1	2020-03-30	GUAYAS
EPIISL1443653/B.1.1/2020-12-09/IMBABURA	EPIISL1443653	B.1.1	2020-12-09	IMBABURA
EPIISL826812/B.1.1/2020-03-30/GUAYAS	EPIISL826812	B.1.1	2020-03-30	GUAYAS
EPIISL491944/B.1.1/2020-04-25/DAULE	EPIISL491944	B.1.1	2020-04-25	DAULE
EPIISL491945/B.1.1/2020-04-22/MANABI	EPIISL491945	B.1.1	2020-04-22	MANABI
EPIISL481247/B.1.1/2020-04-17/LOS_RIOS	EPIISL481247	B.1.1	2020-04-17	LOS_RIOS
EPIISL826802/B.1.1/2020-03-23/GUAYAS	EPIISL826802	B.1.1	2020-03-23	GUAYAS
EPIISL826798/B.1.1/2020-03-21/GUAYAS	EPIISL826798	B.1.1	2020-03-21	GUAYAS
EPIISL491947/B.1.1/2020-05-08/MANABI	EPIISL491947	B.1.1	2020-05-08	MANABI
EPIISL826816/B.1.1/2020-03-30/GUAYAS	EPIISL826816	B.1.1	2020-03-30	GUAYAS
EPIISL826814/B.1.1/2020-03-30/GUAYAS	EPIISL826814	B.1.1	2020-03-30	GUAYAS
EPIISL826809/B.1.1/2020-03-30/GUAYAS	EPIISL826809	B.1.1	2020-03-30	GUAYAS
EPIISL826811/B.1.1/2020-03-30/GUAYAS	EPIISL826811	B.1.1	2020-03-30	GUAYAS
EPIISL826804/B.1.1/2020-03-23/SANTA_ELENA	EPIISL826804	B.1.1	2020-03-23	SANTA_ELENA
EPIISL491946/B.1.1/2020-05-28/LOS_RIOS	EPIISL491946	B.1.1	2020-05-28	LOS_RIOS
EPIISL826818/B.1.1/2020-03-30/GUAYAS	EPIISL826818	B.1.1	2020-03-30	GUAYAS
EPIISL491949/B.1.1/2020-05-26/MANABI	EPIISL491949	B.1.1	2020-05-26	MANABI
EPIISL826807/B.1.1/2020-03-30/GUAYAS	EPIISL826807	B.1.1	2020-03-30	GUAYAS
EPIISL491950/B.1.1/2020-05-08/LOS_RIOS	EPIISL491950	B.1.1	2020-05-08	LOS_RIOS
EPIISL574431/B.1.1/2020-09-14/LOS_RIOS	EPIISL574431	B.1.1	2020-09-14	LOS_RIOS
EPIISL539793/B.1.1/2020-08-15/LOJA	EPIISL539793	B.1.1	2020-08-15	LOJA
EPIISL491932/B.1.1/2020-07-03/CARCHI	EPIISL491932	B.1.1	2020-07-03	CARCHI
EPIISL697796/B.1.1/2020-05-26/NAPO	EPIISL697796	B.1.1	2020-05-26	NAPO
EPIISL539783/B.1.1/2020-06-15/NAPO	EPIISL539783	B.1.1	2020-06-15	NAPO
EPIISL481246/B.1.1/2020-04-17/LOS_RIOS	EPIISL481246	B.1.1	2020-04-17	LOS_RIOS
EPIISL481248/B.1.1/2020-04-17/LOS_RIOS	EPIISL481248	B.1.1	2020-04-17	LOS_RIOS
EPIISL697788/B.1.1/2020-08-19/IMBABURA	EPIISL697788	B.1.1	2020-08-19	IMBABURA
EPIISL697785/B.1.1/2020-08-12/IMBABURA	EPIISL697785	B.1.1	2020-08-12	IMBABURA
EPIISL527819/B.1.1/2020-04-07/GUAYAS	EPIISL527819	B.1.1	2020-04-07	GUAYAS
EPIISL527809/B.1.1/2020-08-04/BOLIVAR	EPIISL527809	B.1.1	2020-08-04	BOLIVAR
EPIISL527815/B.1.1/2020-08-20/ESMERALDAS	EPIISL527815	B.1.1	2020-08-20	ESMERALDAS
EPIISL527816/B.1.1/2020-08-20/ESMERALDAS	EPIISL527816	B.1.1	2020-08-20	ESMERALDAS
EPIISL660529/B.1.1/2020-10-01/TUNGURAHUA	EPIISL660529	B.1.1	2020-10-01	TUNGURAHUA
EPIISL594118/B.1.1/2020-08-14/GUAYAS	EPIISL594118	B.1.1	2020-08-14	GUAYAS
EPIISL527818/B.1.1/2020-08-14/GUAYAS	EPIISL527818	B.1.1	2020-08-14	GUAYAS
EPIISL471271/B.1.1/2020-05-19/QUITO	EPIISL471271	B.1.1	2020-05-19	QUITO
EPIISL471270/B.1.1/2020-05-19/QUITO	EPIISL471270	B.1.1	2020-05-19	QUITO
EPIISL471269/B.1.1/2020-06-04/QUITO	EPIISL471269	B.1.1	2020-06-04	QUITO
EPIISL491937/B.1.1/2020-06-30/MANABI	EPIISL491937	B.1.1	2020-06-30	MANABI
EPIISL491953/B.1.1/2020-05-08/LOS_RIOS	EPIISL491953	B.1.1	2020-05-08	LOS_RIOS
EPIISL491951/B.1.1/2020-06-01/GUAYAS	EPIISL491951	B.1.1	2020-06-01	GUAYAS
EPIISL491952/B.1.1/2020-05-29/GUAYAS	EPIISL491952	B.1.1	2020-05-29	GUAYAS
EPIISL491954/B.1.1/2020-05-28/SANTA_ELENA	EPIISL491954	B.1.1	2020-05-28	SANTA_ELENA
EPIISL826825/B.1.1/2020-07-28/MANABI	EPIISL826825	B.1.1	2020-07-28	MANABI
EPIISL826800/B.1.1/2020-03-21/GUAYAS	EPIISL826800	B.1.1	2020-03-21	GUAYAS
EPIISL826822/B.1.1/2020-05-25/MANABI	EPIISL826822	B.1.1	2020-05-25	MANABI
EPIISL660539/B.1.1/2020-10-02/PASTAZA	EPIISL660539	B.1.1	2020-10-02	PASTAZA
EPIISL2689834/B.1.1/2020-09-10/LOJA	EPIISL2689834	B.1.1	2020-09-10	LOJA
EPIISL486850/B.1.1/2020-06-30/IMBABURA	EPIISL486850	B.1.1	2020-06-30	IMBABURA
EPIISL486846/B.1.1/2020-06-30/IMBABURA	EPIISL486846	B.1.1	2020-06-30	IMBABURA
EPIISL486849/B.1.1/2020-06-30/IMBABURA	EPIISL486849	B.1.1	2020-06-30	IMBABURA
EPIISL486844/B.1.1/2020-07-01/CHIMBORAZO	EPIISL486844	B.1.1	2020-07-01	CHIMBORAZO
EPIISL486843/B.1.1/2020-07-01/CHIMBORAZO	EPIISL486843	B.1.1	2020-07-01	CHIMBORAZO
EPIISL486842/B.1.1/2020-07-01/CHIMBORAZO	EPIISL486842	B.1.1	2020-07-01	CHIMBORAZO
EPIISL471268/B.1.1/2020-04-17/LOS_RIOS	EPIISL471268	B.1.1	2020-04-17	LOS_RIOS
EPIISL486851/B.1.1/2020-06-30/IMBABURA	EPIISL486851	B.1.1	2020-06-30	IMBABURA
EPIISL826836/B.1.1/2020-09-11/MANABI	EPIISL826836	B.1.1	2020-09-11	MANABI
EPIISL1443652/B.1.1/2020-11-11/IMBABURA	EPIISL1443652	B.1.1	2020-11-11	IMBABURA
EPIISL826829/B.1.1/2020-09-07/GUAYAS	EPIISL826829	B.1.1	2020-09-07	GUAYAS
EPIISL1443661/B.1.1/2020-12-10/IMBABURA	EPIISL1443661	B.1.1	2020-12-10	IMBABURA
EPIISL1443659/B.1.1/2020-12-10/IMBABURA	EPIISL1443659	B.1.1	2020-12-10	IMBABURA
EPIISL1443643/B.1.1/2020-09-06/IMBABURA	EPIISL1443643	B.1.1	2020-09-06	IMBABURA
EPIISL1443655/B.1.1/2020-12-08/IMBABURA	EPIISL1443655	B.1.1	2020-12-08	IMBABURA
EPIISL1443648/B.1.1/2020-10-14/IMBABURA	EPIISL1443648	B.1.1	2020-10-14	IMBABURA
EPIISL1443644/B.1.1/2020-09-06/IMBABURA	EPIISL1443644	B.1.1	2020-09-06	IMBABURA
EPIISL1443660/B.1.1/2020-12-10/IMBABURA	EPIISL1443660	B.1.1	2020-12-10	IMBABURA
EPIISL1443645/B.1.1/2020-09-06/IMBABURA	EPIISL1443645	B.1.1	2020-09-06	IMBABURA
EPIISL1443647/B.1.1/2020-10-14/IMBABURA	EPIISL1443647	B.1.1	2020-10-14	IMBABURA
EPIISL1443646/B.1.1/2020-10-14/IMBABURA	EPIISL1443646	B.1.1	2020-10-14	IMBABURA
EPIISL1443641/B.1.1/2020-09-01/IMBABURA	EPIISL1443641	B.1.1	2020-09-01	IMBABURA
EPIISL826820/B.1.1/2020-05-24/MANABI	EPIISL826820	B.1.1	2020-05-24	MANABI
EPIISL826823/B.1.1/2020-06-25/LOS_RIOS	EPIISL826823	B.1.1	2020-06-25	LOS_RIOS
EPIISL826827/B.1.1/2020-08-27/SANTO_DOMINGO	EPIISL826827	B.1.1	2020-08-27	SANTO_DOMINGO
EPIISL826834/B.1.1/2020-09-11/GUAYAS	EPIISL826834	B.1.1	2020-09-11	GUAYAS
EPIISL697790/B.1.1/2020-09-07/IMBABURA	EPIISL697790	B.1.1	2020-09-07	IMBABURA
EPIISL697783/B.1.1/2020-07-22/IMBABURA	EPIISL697783	B.1.1	2020-07-22	IMBABURA
EPIISL697792/B.1.1/2020-09-02/IMBABURA	EPIISL697792	B.1.1	2020-09-02	IMBABURA
EPIISL1013779/B.1.1/2020-10-30/QUITO	EPIISL1013779	B.1.1	2020-10-30	QUITO
EPIISL1443654/B.1.1/2020-12-09/IMBABURA	EPIISL1443654	B.1.1	2020-12-09	IMBABURA
EPIISL1443662/B.1.1/2020-12-21/IMBABURA	EPIISL1443662	B.1.1	2020-12-21	IMBABURA
EPIISL1443651/B.1.1/2020-10-29/IMBABURA	EPIISL1443651	B.1.1	2020-10-29	IMBABURA
EPIISL3506151/B.1.1/2020-08-19/IMBABURA	EPIISL3506151	B.1.1	2020-08-19	IMBABURA
EPIISL1443649/B.1.1/2020-10-14/IMBABURA	EPIISL1443649	B.1.1	2020-10-14	IMBABURA
EPIISL3506158/B.1.1/2020-08-12/IMBABURA	EPIISL3506158	B.1.1	2020-08-12	IMBABURA
EPIISL826830/B.1.1/2020-09-07/ESMERALDAS	EPIISL826830	B.1.1	2020-09-07	ESMERALDAS
EPIISL824291/B.1.1/2020-12-30/IMBABURA	EPIISL824291	B.1.1	2020-12-30	IMBABURA
EPIISL824287/B.1.1/2020-12-28/IMBABURA	EPIISL824287	B.1.1	2020-12-28	IMBABURA
EPIISL824284/B.1.1/2020-12-15/SANTO_DOMINGO	EPIISL824284	B.1.1	2020-12-15	SANTO_DOMINGO
EPIISL2712906/B.1.1/2020-09-03/EL_ORO	EPIISL2712906	B.1.1	2020-09-03	EL_ORO
EPIISL3506154/B.1.1/2020-07-01/IMBABURA	EPIISL3506154	B.1.1	2020-07-01	IMBABURA
EPIISL660070/B.1.1/2020-10-26/QUITO	EPIISL660070	B.1.1	2020-10-26	QUITO
EPIISL697795/B.1.1/2020-09-29/MORONA_SANTIAGO	EPIISL697795	B.1.1	2020-09-29	MORONA_SANTIAGO
EPIISL697793/B.1.1/2020-09-07/IMBABURA	EPIISL697793	B.1.1	2020-09-07	IMBABURA
EPIISL1443658/B.1.1/2020-12-10/IMBABURA	EPIISL1443658	B.1.1	2020-12-10	IMBABURA
